frame_idx,source,ocr_text,ocr_raw,status_text,hsv_label,hsv_green,hsv_red,vcb_box,label_box,status_box,num_boxes,yolo_ms,total_ms,fps
0,/home/robot/Workspace/FoundationPose_VCB/yolo/datasets/test_video_random_green.mp4,4SW02-01B,4SWO2-O1B(0.771) | From Aux Tr 4TR4T-Y(0.540),"green (g=296, r=0)",green,296,0,"416,233,840,720,0.9862","530,500,727,546,0.9616","478,499,498,514,0.8186",3,1565.405,1819.698,0.550
1,/home/robot/Workspace/FoundationPose_VCB/yolo/datasets/test_video_random_green.mp4,4SW02-01B,4SWO2-O1B(0.832) | From Aux Tr 4TR4T-Y(0.477),"green (g=296, r=0)",green,296,0,"416,233,840,720,0.9861","530,500,727,546,0.9623","478,499,498,514,0.7939",3,39.298,131.471,7.606
2,/home/robot/Workspace/FoundationPose_VCB/yolo/datasets/test_video_random_green.mp4,4SW02-01B,4SWO2-O1B(0.677) | From Aux Tr 4TR4I-Y(0.621),"green (g=296, r=0)",green,296,0,"416,233,840,720,0.9857","530,500,727,546,0.9595","478,499,498,514,0.8265",3,38.262,136.347,7.334
3,/home/robot/Workspace/FoundationPose_VCB/yolo/datasets/test_video_random_green.mp4,4SW02-01B,4SWO2-O1B(0.729) | From Aux Tr 4TR4T-Y(0.692),"green (g=254, r=0)",green,254,0,"416,233,840,720,0.9860","530,500,727,546,0.9589","478,499,498,514,0.8201",3,43.386,136.489,7.327
4,/home/robot/Workspace/FoundationPose_VCB/yolo/datasets/test_video_random_green.mp4,4SW02-01B,4SWO2-O1B(0.705) | From Aux Tr 4TR4T-Y(0.648),"green (g=248, r=0)",green,248,0,"416,233,840,720,0.9856","530,500,727,546,0.9557","478,499,498,514,0.8280",3,46.462,143.228,6.982
5,/home/robot/Workspace/FoundationPose_VCB/yolo/datasets/test_video_random_green.mp4,4SW02-01B,4SWO2-O1B(0.623) | From Aux Tr 4TR4T-Y(0.634),"green (g=280, r=0)",green,280,0,"416,233,840,720,0.9854","530,500,727,546,0.9629","478,499,498,514,0.8189",3,43.837,141.147,7.085
6,/home/robot/Workspace/FoundationPose_VCB/yolo/datasets/test_video_random_green.mp4,4SW02-01B,4SWO2-O1B(0.723) | From Aux Tr 4TR4-Y(0.909),"green (g=274, r=0)",green,274,0,"416,233,840,720,0.9854","530,500,727,546,0.9582","478,499,498,514,0.8032",3,38.741,133.174,7.509
7,/home/robot/Workspace/FoundationPose_VCB/yolo/datasets/test_video_random_green.mp4,4SW02-01B,4SWO2-O1B(0.775) | From Aux Tr 4TR41-Y(0.770),"green (g=300, r=0)",green,300,0,"415,233,840,720,0.9853","530,499,727,546,0.9581","478,498,498,513,0.8201",3,47.199,150.618,6.639
8,/home/robot/Workspace/FoundationPose_VCB/yolo/datasets/test_video_random_green.mp4,4SW02-01B,4SWO2-O1B(0.461) | From Aux Tr 4TRAT-Y(0.578),"green (g=280, r=0)",green,280,0,"415,232,840,720,0.9857","530,498,727,545,0.9601","477,498,497,512,0.8405",3,45.931,144.169,6.936
9,/home/robot/Workspace/FoundationPose_VCB/yolo/datasets/test_video_random_green.mp4,4SW02-01B,4SWO2-O1B(0.490) | From Aux Tr 4TRAI-Y(0.417),"green (g=300, r=0)",green,300,0,"414,230,840,720,0.9856","530,497,728,544,0.9512","477,497,497,512,0.7367",3,43.949,142.374,7.024
10,/home/robot/Workspace/FoundationPose_VCB/yolo/datasets/test_video_random_green.mp4,4SW02-01B,4SWO2-O1B(0.634) | From Aux Tr 4TR4I-Y(0.382),"green (g=320, r=0)",green,320,0,"413,228,839,720,0.9852","529,496,727,543,0.9558","476,495,496,511,0.7765",3,43.440,139.589,7.164
11,/home/robot/Workspace/FoundationPose_VCB/yolo/datasets/test_video_random_green.mp4,4SW02-01B,4SWO2-O1B(0.867) | From Aux Tr 4TR41-Y(0.351),"green (g=288, r=0)",green,288,0,"410,227,838,720,0.9848","527,495,725,542,0.9543","474,495,494,510,0.9177",3,42.446,143.502,6.969
12,/home/robot/Workspace/FoundationPose_VCB/yolo/datasets/test_video_random_green.mp4,4SW02-01B,4SWO2-O1B(0.596) | From Aux Tr 4TR41-Y(0.478),"green (g=265, r=0)",green,265,0,"405,225,836,720,0.9840","524,494,721,542,0.9602","471,495,490,510,0.9477",3,42.778,142.969,6.995
13,/home/robot/Workspace/FoundationPose_VCB/yolo/datasets/test_video_random_green.mp4,4SW02-01B,4SWO2-O1B(0.683) | From Aux Tr 4TRA1-Y(0.599),"green (g=285, r=0)",green,285,0,"398,225,831,720,0.9794","518,494,716,542,0.9647","465,495,484,510,0.8373",3,37.469,133.786,7.475
14,/home/robot/Workspace/FoundationPose_VCB/yolo/datasets/test_video_random_green.mp4,4SW02-01B,4SWO2-O1B(0.658) | From Aux Tr 4TRAI-Y(0.571),"green (g=320, r=0)",green,320,0,"391,225,823,720,0.9796","511,495,710,543,0.9596","457,496,477,512,0.8481",3,43.700,140.425,7.121
15,/home/robot/Workspace/FoundationPose_VCB/yolo/datasets/test_video_random_green.mp4,4SW02-01B,4SWO2-O1B(0.785) | From Aux Tr 4TRAI-Y(0.534),"green (g=272, r=0)",green,272,0,"380,226,815,720,0.9797","503,497,702,545,0.9469","448,499,468,514,0.8444",3,39.352,136.014,7.352
16,/home/robot/Workspace/FoundationPose_VCB/yolo/datasets/test_video_random_green.mp4,4SW02-01B,4SWO2-O1B(0.451) | From Aux Tr 4TRAI-Y(0.529),"green (g=274, r=0)",green,274,0,"370,227,803,720,0.9900","490,500,693,547,0.9655","437,502,457,517,0.8524",3,41.424,140.296,7.128
17,/home/robot/Workspace/FoundationPose_VCB/yolo/datasets/test_video_random_green.mp4,4SW02-01B,4SWO2-O1B(0.886) | From Aux Tr 4TRAT-Y(0.440),"green (g=320, r=0)",green,320,0,"356,229,796,720,0.9896","484,503,684,550,0.9648","427,506,447,522,0.8298",3,41.449,132.519,7.546
18,/home/robot/Workspace/FoundationPose_VCB/yolo/datasets/test_video_random_green.mp4,4SW02-01B,4SWO2-O1B(0.926) | From Aux Tr 4TRAI-Y(0.519),"green (g=320, r=0)",green,320,0,"346,232,788,720,0.9885","473,506,678,555,0.9907","419,511,439,527,0.8639",3,40.209,146.366,6.832
19,/home/robot/Workspace/FoundationPose_VCB/yolo/datasets/test_video_random_green.mp4,4SW02-01B,4SWO2-O1B(0.832) | From Aux Tr 4TR41-Y(0.591),"green (g=278, r=0)",green,278,0,"339,235,782,720,0.9850","468,511,675,559,0.9896","412,516,433,532,0.8872",3,42.249,131.652,7.596
20,/home/robot/Workspace/FoundationPose_VCB/yolo/datasets/test_video_random_green.mp4,4SW02-01B,4SWO2-O1B(0.552) | From Aux Tr 4TR41-Y(0.721),"green (g=364, r=0)",green,364,0,"335,239,780,720,0.9854","466,515,672,564,0.9909","409,521,431,538,0.8839",3,43.016,137.773,7.258
21,/home/robot/Workspace/FoundationPose_VCB/yolo/datasets/test_video_random_green.mp4,4SW02-01B,4SWO2-O1B(0.698) | From Aux Tr 4TR41-Y(0.725),"green (g=315, r=0)",green,315,0,"333,242,780,719,0.9815","465,518,672,568,0.9437","409,527,430,542,0.9450",3,41.742,136.365,7.333
22,/home/robot/Workspace/FoundationPose_VCB/yolo/datasets/test_video_random_green.mp4,4SW02-01B,4SWO2-O1B(0.501) | From Aux Tr 4TR41-Y(0.655),"green (g=332, r=0)",green,332,0,"333,247,784,718,0.9830","467,522,675,572,0.9573","410,530,431,546,0.6792",3,42.371,136.278,7.338
23,/home/robot/Workspace/FoundationPose_VCB/yolo/datasets/test_video_random_green.mp4,4SW02-01B,4SWO2-O1B(0.602) | From Aux Tr 4TR41-Y(0.386),"green (g=374, r=0)",green,374,0,"337,248,788,719,0.9881","470,526,678,575,0.9540","411,533,433,550,0.8510",3,43.154,140.103,7.138
24,/home/robot/Workspace/FoundationPose_VCB/yolo/datasets/test_video_random_green.mp4,4SW02-01B,4SWO2-O1B(0.690) | From Aux Tr 4TR4I-Y(0.514),"green (g=357, r=0)",green,357,0,"340,250,794,719,0.9892","472,531,681,580,0.9641","415,536,436,553,0.8314",3,41.267,143.892,6.950
25,/home/robot/Workspace/FoundationPose_VCB/yolo/datasets/test_video_random_green.mp4,4SW02-01B,4SWO2-01B(0.587) | From Aux Tr 4TR41-Y(0.570),"green (g=343, r=0)",green,343,0,"342,253,799,719,0.9889","477,533,687,584,0.9516","419,538,440,555,0.8972",3,40.647,153.072,6.533
26,/home/robot/Workspace/FoundationPose_VCB/yolo/datasets/test_video_random_green.mp4,4SW02-01B,4SWO2-O1B(0.563) | From Aux Tr 4TR4T-Y(0.762),"green (g=308, r=0)",green,308,0,"347,256,803,719,0.9909","481,536,691,586,0.9799","423,541,443,557,0.9076",3,40.491,138.984,7.195
27,/home/robot/Workspace/FoundationPose_VCB/yolo/datasets/test_video_random_green.mp4,4SW02-01B,4SWO2-O1B(0.902) | From Aux Tr 4TR4I-Y(0.579),"green (g=370, r=0)",green,370,0,"352,258,808,719,0.9908","483,539,696,590,0.9835","426,543,448,560,0.7376",3,41.066,136.407,7.331
28,/home/robot/Workspace/FoundationPose_VCB/yolo/datasets/test_video_random_green.mp4,4SW02-01B,4SWO2-O1B(0.607) | From Aux Tr 4TR4I-Y(0.628),"green (g=352, r=0)",green,352,0,"360,259,818,720,0.9904","488,541,700,592,0.9863","431,546,453,562,0.9074",3,40.198,136.505,7.326
29,/home/robot/Workspace/FoundationPose_VCB/yolo/datasets/test_video_random_green.mp4,4SW02-01B,4SWO2-O1B(0.588) | From Aux Tr 4TR4T-Y(0.610),"green (g=336, r=0)",green,336,0,"364,259,824,720,0.9894","492,543,707,593,0.9899","437,547,458,563,0.8755",3,42.831,139.679,7.159
30,/home/robot/Workspace/FoundationPose_VCB/yolo/datasets/test_video_random_green.mp4,4SW02-01B,4SWO2-O1B(0.811) | From Aux Tr 4TRA1-Y(0.500),"green (g=346, r=0)",green,346,0,"373,260,828,718,0.9876","501,544,713,595,0.9946","442,548,464,564,0.8031",3,42.938,141.098,7.087
31,/home/robot/Workspace/FoundationPose_VCB/yolo/datasets/test_video_random_green.mp4,4SW02-01B,4SWO2-O1B(0.511) | From Aux Tr 4TR41-Y(0.636),"green (g=357, r=0)",green,357,0,"379,259,837,718,0.9876","508,545,721,596,0.9875","450,547,471,564,0.9209",3,44.856,145.683,6.864
32,/home/robot/Workspace/FoundationPose_VCB/yolo/datasets/test_video_random_green.mp4,4SW02-01B,4SWO2-O1B(0.618) | From Aux Tr 4TRA1-Y(0.495),"green (g=337, r=0)",green,337,0,"386,259,852,719,0.9887","516,545,730,596,0.9938","457,547,478,564,0.6946",3,44.942,174.661,5.725
33,/home/robot/Workspace/FoundationPose_VCB/yolo/datasets/test_video_random_green.mp4,4SW02-01B,4SW02-O1B(0.627) | From Aux Tr 4TRA1-Y(0.460),"green (g=324, r=0)",green,324,0,"393,257,860,718,0.9895","521,545,738,596,0.9910","465,547,487,562,0.8895",3,45.540,185.715,5.385
34,/home/robot/Workspace/FoundationPose_VCB/yolo/datasets/test_video_random_green.mp4,4SW02-01B,4SW02-O1B(0.613) | From Aux Tr 4TR41-Y(0.838),"green (g=327, r=0)",green,327,0,"400,254,866,719,0.9902","529,544,746,595,0.9936","472,545,493,561,0.8433",3,45.325,189.559,5.275
35,/home/robot/Workspace/FoundationPose_VCB/yolo/datasets/test_video_random_green.mp4,4SW02-01B,4SWO2-O1B(0.969) | From Aux Tr 4TR4I-Y(0.508),"green (g=336, r=0)",green,336,0,"406,251,876,719,0.9914","536,543,754,594,0.9871","479,544,500,560,0.8375",3,48.079,198.934,5.027
36,/home/robot/Workspace/FoundationPose_VCB/yolo/datasets/test_video_random_green.mp4,4SW02-01B,4SWO2-O1B(0.679) | From Aux Tr 4TR41-Y(0.725),"green (g=357, r=0)",green,357,0,"410,248,886,719,0.9881","543,542,762,594,0.9909","485,543,506,560,0.6537",3,43.186,145.373,6.879
37,/home/robot/Workspace/FoundationPose_VCB/yolo/datasets/test_video_random_green.mp4,4SW02-01B,4SWO2-O1B(0.610) | From Aux Tr 4TR41-Y(0.638),"green (g=298, r=0)",green,298,0,"417,246,893,719,0.9875","548,542,767,594,0.9870","490,543,512,559,0.8932",3,39.140,142.332,7.026
38,/home/robot/Workspace/FoundationPose_VCB/yolo/datasets/test_video_random_green.mp4,4SW02-01B,4SWO2-O1B(0.695) | From Aux Tr 4TR4T-Y(0.694),"green (g=357, r=0)",green,357,0,"423,244,900,718,0.9863","552,541,774,594,0.9877","495,543,516,560,0.6368",3,40.106,204.926,4.880
39,/home/robot/Workspace/FoundationPose_VCB/yolo/datasets/test_video_random_green.mp4,4SW02-01B,4SWO2-O1B(0.849) | From Aux Tr 4TR4I-Y(0.679),"green (g=320, r=0)",green,320,0,"426,242,907,718,0.9853","557,542,780,595,0.9915","499,544,520,560,0.6574",3,49.787,177.743,5.626
40,/home/robot/Workspace/FoundationPose_VCB/yolo/datasets/test_video_random_green.mp4,4SW02-01B,4SWO2-O1B(0.936) | From Aux Tr 4TR4I-Y(0.608),"green (g=320, r=0)",green,320,0,"432,241,914,718,0.9833","561,543,785,597,0.9883","503,544,524,560,0.8754",3,38.049,164.685,6.072
41,/home/robot/Workspace/FoundationPose_VCB/yolo/datasets/test_video_random_green.mp4,4SW02-01B,4SWO2-O1B(0.716) | From Aux Tr 4TR41-Y(0.597),"green (g=272, r=0)",green,272,0,"434,243,924,718,0.9811","567,544,792,598,0.9739","506,545,529,561,0.7804",3,37.910,158.216,6.320
42,/home/robot/Workspace/FoundationPose_VCB/yolo/datasets/test_video_random_green.mp4,4SW02-01B,4SWO2-O1B(0.787) | From Aux Tr 4TRAI-Y(0.517),"green (g=307, r=0)",green,307,0,"437,235,929,719,0.9802","570,545,797,599,0.9770","511,545,533,562,0.9172",3,37.322,150.255,6.655
43,/home/robot/Workspace/FoundationPose_VCB/yolo/datasets/test_video_random_green.mp4,4SW02-01B,4SWO2-O1B(0.612) | From Aux Tr 4TR4T-Y(0.390),"green (g=329, r=0)",green,329,0,"439,234,933,718,0.9838","575,546,803,600,0.9591","515,546,537,563,0.9277",3,38.058,153.994,6.494
44,/home/robot/Workspace/FoundationPose_VCB/yolo/datasets/test_video_random_green.mp4,4SW02-01B,4SWO2-O1B(0.871) | From Aux Tr 4TR4T-Y(0.494),"green (g=312, r=0)",green,312,0,"441,232,940,718,0.9844","577,546,810,601,0.9554","518,547,539,564,0.7601",3,41.951,220.182,4.542
45,/home/robot/Workspace/FoundationPose_VCB/yolo/datasets/test_video_random_green.mp4,4SW02-01B,4SWO2-O1B(0.683) | From Aux Tr 4TR41-Y(0.499),"green (g=346, r=0)",green,346,0,"442,231,949,719,0.9861","580,548,813,603,0.9627","520,548,542,565,0.8285",3,45.957,196.684,5.084
46,/home/robot/Workspace/FoundationPose_VCB/yolo/datasets/test_video_random_green.mp4,4SW02-01B,4SWO2-O1B(0.846) | From Aux Tr 4TR4I-Y(0.613),"green (g=405, r=0)",green,405,0,"441,227,957,719,0.9848","581,550,818,606,0.9780","519,550,542,568,0.8757",3,45.192,191.655,5.218
47,/home/robot/Workspace/FoundationPose_VCB/yolo/datasets/test_video_random_green.mp4,4SW02-01B,4SWO2-O1B(0.975) | From Aux Tr 4TR41-Y(0.613),"green (g=328, r=0)",green,328,0,"439,226,959,718,0.9827","581,551,818,607,0.9762","519,552,541,569,0.9028",3,42.593,169.413,5.903
48,/home/robot/Workspace/FoundationPose_VCB/yolo/datasets/test_video_random_green.mp4,4SW02-01B,4SWO2-O1B(0.949) | From Aux Tr 4TR41-Y(0.763),"green (g=388, r=0)",green,388,0,"438,225,961,718,0.9824","580,552,820,609,0.9740","518,553,541,571,0.9340",3,38.919,163.786,6.106
49,/home/robot/Workspace/FoundationPose_VCB/yolo/datasets/test_video_random_green.mp4,4SW02-01B,4SWO2-O1B(0.903) | From Aux Tr 4TR41-Y(0.488),"green (g=362, r=0)",green,362,0,"438,224,962,718,0.9822","581,554,822,611,0.9686","518,555,541,573,0.9646",3,37.365,147.244,6.791
50,/home/robot/Workspace/FoundationPose_VCB/yolo/datasets/test_video_random_green.mp4,4SW02-01B,4SWO2-O1B(0.928) | From Aux Tr 4TR4I-Y(0.787),"green (g=407, r=0)",green,407,0,"439,223,966,718,0.9823","582,556,826,614,0.9681","519,558,543,576,0.9734",3,37.272,152.152,6.572
51,/home/robot/Workspace/FoundationPose_VCB/yolo/datasets/test_video_random_green.mp4,4SW02-01B,4SWO2-O1B(0.616) | From Aux Tr 4TR4I-Y(0.470),"green (g=385, r=0)",green,385,0,"440,223,973,718,0.9807","585,559,830,617,0.9618","521,560,544,578,0.8874",3,36.993,150.454,6.647
52,/home/robot/Workspace/FoundationPose_VCB/yolo/datasets/test_video_random_green.mp4,4SW02-01B,4SWO2-O1B(0.902) | From Aux Tr 4TR4I-Y(0.566),"green (g=411, r=0)",green,411,0,"442,223,980,718,0.9800","587,561,836,621,0.9685","523,562,547,580,0.9268",3,37.295,144.750,6.908
53,/home/robot/Workspace/FoundationPose_VCB/yolo/datasets/test_video_random_green.mp4,4SW02-01B,4SWO2-O1B(0.742) | From Aux Tr 4TRAI-Y(0.421),"green (g=354, r=0)",green,354,0,"442,223,984,719,0.9695","591,564,840,624,0.9694","526,564,549,582,0.9203",3,37.662,157.729,6.340
54,/home/robot/Workspace/FoundationPose_VCB/yolo/datasets/test_video_random_green.mp4,4SW02-01B,4SWO2-O1B(0.765) | From Aux Tr 4TR41-Y(0.521),"green (g=401, r=0)",green,401,0,"447,229,991,718,0.9766","593,566,845,626,0.9435","527,565,552,583,0.9160",3,37.667,153.225,6.526
55,/home/robot/Workspace/FoundationPose_VCB/yolo/datasets/test_video_random_green.mp4,4SW02-01B,4SWO2-O1B(0.618) | From Aux Tr 4TR4I-Y(0.426),"green (g=406, r=0)",green,406,0,"450,229,995,719,0.9779","595,567,848,628,0.9464","530,566,554,584,0.8753",3,47.062,189.658,5.273
56,/home/robot/Workspace/FoundationPose_VCB/yolo/datasets/test_video_random_green.mp4,4SW02-01B,4SWO2-O1B(0.530) | From Aux Tr 4TRAT-Y(0.429),"green (g=391, r=0)",green,391,0,"451,219,1000,720,0.9757","597,568,851,629,0.9594","531,567,555,586,0.8777",3,40.915,147.538,6.778
57,/home/robot/Workspace/FoundationPose_VCB/yolo/datasets/test_video_random_green.mp4,4SW02-01B,4SWO2-O1B(0.918) | From Aux Tr 4TRA1-Y(0.635),"green (g=420, r=0)",green,420,0,"453,219,1006,720,0.9767","598,569,855,631,0.9540","532,568,557,586,0.8785",3,37.608,152.911,6.540
58,/home/robot/Workspace/FoundationPose_VCB/yolo/datasets/test_video_random_green.mp4,4SW02-01B,4SWO2-O1B(0.530) | From Aux Tr 4TRA1-Y(0.695),"green (g=418, r=0)",green,418,0,"453,218,1013,719,0.9762","598,572,858,634,0.9562","532,568,556,587,0.9057",3,37.161,148.025,6.756
59,/home/robot/Workspace/FoundationPose_VCB/yolo/datasets/test_video_random_green.mp4,4SW02-01B,4SWO2-O1B(0.703) | From Aux Tr 4TRA1-Y(0.778),"green (g=399, r=0)",green,399,0,"450,222,1011,716,0.9724","596,574,858,636,0.9684","531,570,555,588,0.8922",3,37.702,147.099,6.798
60,/home/robot/Workspace/FoundationPose_VCB/yolo/datasets/test_video_random_green.mp4,4SW02-01B,4SWO2-O1B(0.649) | From Aux Tr 4TR41-Y(0.664),"green (g=409, r=0)",green,409,0,"447,221,1013,716,0.9723","595,576,860,638,0.9739","529,571,553,590,0.9483",3,42.311,146.687,6.817
61,/home/robot/Workspace/FoundationPose_VCB/yolo/datasets/test_video_random_green.mp4,4SW02-01B,4SWO2-O1B(0.499) | From Aux Tr 4TR41-Y(0.913),"green (g=423, r=0)",green,423,0,"445,224,1013,719,0.9691","592,578,859,640,0.9746","527,572,551,591,0.9665",3,37.279,148.423,6.737
62,/home/robot/Workspace/FoundationPose_VCB/yolo/datasets/test_video_random_green.mp4,4SW02-01B,4SWO2-O1B(0.689) | From Aux Tr 4TR41-Y(0.650),"green (g=426, r=0)",green,426,0,"442,224,1012,720,0.9759","591,580,857,642,0.9687","523,574,547,593,0.9171",3,37.543,144.348,6.928
63,/home/robot/Workspace/FoundationPose_VCB/yolo/datasets/test_video_random_green.mp4,4SW02-01B,4SWO2-O1B(0.555) | From Aux Tr 4TRA1-Y(0.606),"green (g=376, r=0)",green,376,0,"438,224,1010,720,0.9706","586,581,854,644,0.9524","519,577,542,596,0.9083",3,36.964,141.393,7.072
64,/home/robot/Workspace/FoundationPose_VCB/yolo/datasets/test_video_random_green.mp4,4SW02-01B,4SWO2-O1B(0.763) | From Aux Tr 4TRA1-Y(0.618),"green (g=459, r=0)",green,459,0,"433,226,1007,720,0.9735","582,584,850,648,0.9670","513,579,538,599,0.8667",3,37.444,143.452,6.971
65,/home/robot/Workspace/FoundationPose_VCB/yolo/datasets/test_video_random_green.mp4,4SW02-01B,4SWO2-O1B(0.701) | From Aux Tr 4TRA1-Y(0.774),"green (g=498, r=0)",green,498,0,"427,227,1003,720,0.9714","576,588,846,653,0.9833","507,583,533,603,0.8759",3,38.583,162.511,6.153
66,/home/robot/Workspace/FoundationPose_VCB/yolo/datasets/test_video_random_green.mp4,4SW02-01B,4SWO2-O1B(0.687) | From Aux Tr 4TRA1-Y(0.569),"green (g=386, r=0)",green,386,0,"422,229,1001,720,0.9648","572,593,843,658,0.9817","504,586,529,606,0.9588",3,37.352,153.543,6.513
67,/home/robot/Workspace/FoundationPose_VCB/yolo/datasets/test_video_random_green.mp4,4SW02-01B,4SWO2-O1B(0.627) | From Aux Tr 4TR41-Y(0.895),"green (g=478, r=0)",green,478,0,"416,228,999,720,0.9717","569,596,841,661,0.9476","499,590,525,610,0.8450",3,39.104,166.572,6.003
68,/home/robot/Workspace/FoundationPose_VCB/yolo/datasets/test_video_random_green.mp4,4SW02-01B,4SWO2-O1B(0.920) | From Aux Tr 4TR41-Y(0.738),"green (g=360, r=0)",green,360,0,"414,231,997,720,0.9771","564,599,838,664,0.9583","496,593,521,612,0.8661",3,36.790,159.989,6.250
69,/home/robot/Workspace/FoundationPose_VCB/yolo/datasets/test_video_random_green.mp4,4SW02-01B,4SWO2-O1B(0.430) | From Aux Tr 4TR41-Y(0.647),"green (g=438, r=0)",green,438,0,"412,234,995,720,0.9782","561,602,836,668,0.9635","492,595,519,616,0.8514",3,37.378,165.921,6.027
70,/home/robot/Workspace/FoundationPose_VCB/yolo/datasets/test_video_random_green.mp4,4SW02-01B,4SWO2-O1B(0.325) | From Aux Tr 4TR41-Y(0.752),"green (g=419, r=0)",green,419,0,"410,237,993,720,0.9759","559,605,833,672,0.9653","489,599,515,619,0.8704",3,37.315,160.764,6.220
71,/home/robot/Workspace/FoundationPose_VCB/yolo/datasets/test_video_random_green.mp4,4SW02-01B,4SWO2-O1B(0.672) | From Aux Tr 4TR41-Y(0.727),"green (g=368, r=0)",green,368,0,"408,240,992,720,0.9786","558,609,831,675,0.9495","487,601,512,621,0.9602",3,36.734,168.625,5.930
72,/home/robot/Workspace/FoundationPose_VCB/yolo/datasets/test_video_random_green.mp4,4SW02-01B,4SWO2-O1B(0.707) | From Aux Tr 4TR41-Y(0.764),"green (g=418, r=0)",green,418,0,"408,244,991,720,0.9813","557,612,830,678,0.9409","485,603,511,623,0.9512",3,37.588,176.181,5.676
73,/home/robot/Workspace/FoundationPose_VCB/yolo/datasets/test_video_random_green.mp4,4SW02-01B,4SWO2-O1B(0.648) | From Aux Tr 4TR41-Y(0.942),"green (g=466, r=0)",green,466,0,"408,246,992,720,0.9785","555,612,830,678,0.9468","485,604,511,625,0.9405",3,37.866,161.890,6.177
74,/home/robot/Workspace/FoundationPose_VCB/yolo/datasets/test_video_random_green.mp4,4SW02-01B,4SWO2-O1B(0.497) | From Aux Tr 4TR41-Y(0.749),"green (g=451, r=0)",green,451,0,"407,247,991,718,0.9803","557,613,831,679,0.9501","487,605,512,625,0.9299",3,37.462,161.116,6.207
75,/home/robot/Workspace/FoundationPose_VCB/yolo/datasets/test_video_random_green.mp4,4SW02-01B,4SWO2-O1B(0.663) | From Aux Tr 4TR41-Y(0.887),"green (g=461, r=0)",green,461,0,"409,247,993,718,0.9817","559,614,834,680,0.9571","488,605,515,625,0.9294",3,38.197,166.877,5.992
76,/home/robot/Workspace/FoundationPose_VCB/yolo/datasets/test_video_random_green.mp4,4SW02-01B,4SWO2-O1B(0.708) | From Aux Tr 4TR41-Y(0.948),"green (g=449, r=0)",green,449,0,"412,246,996,718,0.9796","561,613,837,679,0.9648","491,604,516,624,0.9428",3,37.708,162.223,6.164
77,/home/robot/Workspace/FoundationPose_VCB/yolo/datasets/test_video_random_green.mp4,4SW02-01B,4SWO2-O1B(0.554) | From Aux Tr 4TRA1-Y(0.606),"green (g=466, r=0)",green,466,0,"414,245,999,718,0.9801","563,612,840,678,0.9638","494,603,520,623,0.9662",3,37.929,166.305,6.013
78,/home/robot/Workspace/FoundationPose_VCB/yolo/datasets/test_video_random_green.mp4,4SW02-01B,4SWO2-O1B(0.698) | From Aux Tr 4TR41-Y(0.654),"green (g=416, r=0)",green,416,0,"416,243,1002,718,0.9820","567,611,843,676,0.9669","497,602,523,623,0.9207",3,38.685,163.825,6.104
79,/home/robot/Workspace/FoundationPose_VCB/yolo/datasets/test_video_random_green.mp4,4SW02-01B,4SWO2-O1B(0.477) | From Aux Tr 4TR41-Y(0.807),"green (g=425, r=0)",green,425,0,"417,240,1006,718,0.9806","571,609,847,675,0.9577","500,602,526,622,0.9597",3,38.376,162.562,6.151
80,/home/robot/Workspace/FoundationPose_VCB/yolo/datasets/test_video_random_green.mp4,4SW02-01B,4SWO2-O1B(0.414) | From Aux Tr 4TR41-Y(0.633),"green (g=425, r=0)",green,425,0,"417,237,1009,719,0.9776","574,607,850,673,0.9552","503,601,529,621,0.9497",3,36.984,170.102,5.879
81,/home/robot/Workspace/FoundationPose_VCB/yolo/datasets/test_video_random_green.mp4,4SW02-01B,4SWO2-O1B(0.739) | From Aux Tr 4TR41-Y(0.593),"green (g=405, r=0)",green,405,0,"419,235,1013,719,0.9785","577,606,855,672,0.9651","506,601,532,622,0.9349",3,52.149,200.619,4.985
82,/home/robot/Workspace/FoundationPose_VCB/yolo/datasets/test_video_random_green.mp4,4SW02-01B,4SWO2-O1B(0.811) | From Aux Tr 4TR41-Y(0.655),"green (g=342, r=0)",green,342,0,"422,233,1016,719,0.9790","581,605,858,671,0.9694","510,601,535,621,0.9655",3,45.935,203.967,4.903
83,/home/robot/Workspace/FoundationPose_VCB/yolo/datasets/test_video_random_green.mp4,4SW02-01B,4SWO2-O1B(0.306) | From Aux Tr 4TR41-Y(0.676),"green (g=388, r=0)",green,388,0,"425,232,1020,719,0.9769","585,604,862,671,0.9681","514,601,539,622,0.9280",3,46.585,213.443,4.685
84,/home/robot/Workspace/FoundationPose_VCB/yolo/datasets/test_video_random_green.mp4,4SW02-01B,4SWO2-O1B(0.882) | From Aux Tr 4TR41-Y(0.756),"green (g=451, r=0)",green,451,0,"430,231,1024,719,0.9731","590,604,868,671,0.9614","519,602,544,622,0.9647",3,46.723,189.616,5.274
85,/home/robot/Workspace/FoundationPose_VCB/yolo/datasets/test_video_random_green.mp4,4SW02-01B,4SWO2-O1B(0.624) | From Aux Tr 4TRAI-Y(0.611),"green (g=436, r=0)",green,436,0,"439,236,1038,720,0.9750","595,604,875,671,0.9744","525,602,551,623,0.9642",3,39.516,215.287,4.645
86,/home/robot/Workspace/FoundationPose_VCB/yolo/datasets/test_video_random_green.mp4,4SW02-01B,4SWO2-O1B(0.654) | From Aux Tr 4TRA1-Y(0.579),"green (g=418, r=0)",green,418,0,"445,237,1048,720,0.9716","604,605,884,672,0.9662","532,603,559,624,0.9421",3,45.150,192.307,5.200
87,/home/robot/Workspace/FoundationPose_VCB/yolo/datasets/test_video_random_green.mp4,4SW02-01B,4SWO2-O1B(0.893) | From Aux Tr 4TR4I-Y(0.653),"green (g=444, r=0)",green,444,0,"457,229,1055,720,0.9829","614,605,893,672,0.9577","541,604,567,624,0.9217",3,38.752,172.140,5.809
88,/home/robot/Workspace/FoundationPose_VCB/yolo/datasets/test_video_random_green.mp4,4SW02-01B,4SWO2-O1B(0.569) | From Aux Tr 4TR4I-Y(0.576),"green (g=442, r=0)",green,442,0,"463,229,1064,720,0.9755","623,606,904,674,0.9584","550,605,576,625,0.9243",3,39.049,175.930,5.684
89,/home/robot/Workspace/FoundationPose_VCB/yolo/datasets/test_video_random_green.mp4,4SW02-01B,4SWO2-O1B(0.525) | From Aux Tr 4TR41-Y(0.630),"green (g=442, r=0)",green,442,0,"469,227,1070,719,0.9762","631,606,914,673,0.9586","558,605,584,625,0.9058",3,45.052,171.566,5.829
90,/home/robot/Workspace/FoundationPose_VCB/yolo/datasets/test_video_random_green.mp4,4SW02-01B,4SWO2-O1B(0.471) | From Aux Tr 4TR41-Y(0.696),"green (g=461, r=0)",green,461,0,"473,226,1081,719,0.9772","638,606,923,673,0.9534","566,606,592,626,0.8820",3,39.289,178.630,5.598
91,/home/robot/Workspace/FoundationPose_VCB/yolo/datasets/test_video_random_green.mp4,4SW02-01B,4SWO2-O1B(0.633) | From Aux Tr 4TR4T-Y(0.724),"green (g=486, r=0)",green,486,0,"483,232,1101,720,0.9796","646,606,931,674,0.9508","573,606,599,626,0.8611",3,37.952,181.156,5.520
92,/home/robot/Workspace/FoundationPose_VCB/yolo/datasets/test_video_random_green.mp4,4SW02-01B,4SWO2-O1B(0.696) | From Aux Tr 4TR4I-Y(0.549),"green (g=498, r=0)",green,498,0,"490,232,1110,720,0.9812","654,606,939,674,0.9566","580,606,606,627,0.8827",3,37.260,181.245,5.517
93,/home/robot/Workspace/FoundationPose_VCB/yolo/datasets/test_video_random_green.mp4,4SW02-01B,4SWO2-O1B(0.621) | From Aux Tr 4TR4I-Y(0.696),"green (g=459, r=0)",green,459,0,"494,231,1117,720,0.9730","659,606,948,674,0.9504","586,607,613,627,0.8300",3,41.117,173.495,5.764
94,/home/robot/Workspace/FoundationPose_VCB/yolo/datasets/test_video_random_green.mp4,4SW02-01B,4SWO2-O1B(0.869) | From Aux Tr 4TR4I-Y(0.545),"green (g=476, r=0)",green,476,0,"502,226,1119,718,0.9674","667,606,955,674,0.9519","593,608,619,627,0.8538",3,37.677,169.191,5.910
95,/home/robot/Workspace/FoundationPose_VCB/yolo/datasets/test_video_random_green.mp4,4SW02-01B,4SWO2-O1B(0.638) | From Aux Tr 4TRAI-Y(0.546),"green (g=470, r=0)",green,470,0,"510,218,1123,719,0.9685","673,606,963,675,0.9540","600,608,626,628,0.8681",3,44.995,183.403,5.452
96,/home/robot/Workspace/FoundationPose_VCB/yolo/datasets/test_video_random_green.mp4,4SW02-01B,4SWO2-O1B(0.617) | From Aux Tr 4TR4I-Y(0.544),"green (g=503, r=0)",green,503,0,"515,217,1138,720,0.9745","683,608,971,676,0.9444","606,608,633,629,0.8426",3,37.450,181.245,5.517
97,/home/robot/Workspace/FoundationPose_VCB/yolo/datasets/test_video_random_green.mp4,4SW02-01B,4SWO2-O1B(0.771) | From Aux Tr 4TR4I-Y(0.436),"green (g=478, r=0)",green,478,0,"520,218,1145,720,0.9688","687,609,980,677,0.9367","612,610,638,630,0.9184",3,37.731,171.305,5.838
98,/home/robot/Workspace/FoundationPose_VCB/yolo/datasets/test_video_random_green.mp4,4SW02-01B,4SWO2-O1B(0.654) | From Aux Tr 4TRAI-Y(0.597),"green (g=518, r=0)",green,518,0,"524,218,1147,719,0.9680","691,609,986,677,0.9383","617,610,644,631,0.8612",3,36.687,198.996,5.025
99,/home/robot/Workspace/FoundationPose_VCB/yolo/datasets/test_video_random_green.mp4,4SW02-01B,4SWO2-O1B(0.563) | From Aux Tr 4TRAI-Y(0.411),"green (g=503, r=0)",green,503,0,"528,219,1153,718,0.9684","699,610,992,678,0.9521","623,611,650,632,0.8629",3,38.440,180.557,5.538
100,/home/robot/Workspace/FoundationPose_VCB/yolo/datasets/test_video_random_green.mp4,4SW02-01B,4SWO2-O1B(0.870) | From Aux Tr 4TR41-Y(0.618),"green (g=486, r=0)",green,486,0,"534,220,1164,719,0.9726","704,612,998,680,0.9610","629,613,655,633,0.8466",3,44.300,180.795,5.531
101,/home/robot/Workspace/FoundationPose_VCB/yolo/datasets/test_video_random_green.mp4,4SW02-01B,4SWO2-O1B(0.678) | From Aux Tr 4TRAI-Y(0.463),"green (g=534, r=0)",green,534,0,"539,221,1177,719,0.9725","710,613,1007,682,0.9648","634,613,662,634,0.8607",3,38.379,200.842,4.979
102,/home/robot/Workspace/FoundationPose_VCB/yolo/datasets/test_video_random_green.mp4,4SW02-01B,4SWO2-O1B(0.770) | From Aux Tr 4TR4I-Y(0.528),"green (g=531, r=0)",green,531,0,"547,218,1188,720,0.9716","717,614,1016,684,0.9578","642,614,669,635,0.8546",3,37.149,172.070,5.812
103,/home/robot/Workspace/FoundationPose_VCB/yolo/datasets/test_video_random_green.mp4,4SW02-01B,4SWO2-O1B(0.871) | From Aux Tr 4TR41-Y(0.654),"green (g=535, r=0)",green,535,0,"553,227,1193,718,0.9675","724,615,1024,686,0.9716","649,615,676,636,0.9002",3,45.046,195.616,5.112
104,/home/robot/Workspace/FoundationPose_VCB/yolo/datasets/test_video_random_green.mp4,4SW02-01B,4SWO2-O1B(0.806) | From Aux Tr 4TR41-Y(0.515),"green (g=488, r=0)",green,488,0,"561,219,1210,720,0.9664","732,616,1033,688,0.9748","656,615,683,636,0.7826",3,37.564,173.178,5.774
105,/home/robot/Workspace/FoundationPose_VCB/yolo/datasets/test_video_random_green.mp4,4SW02-01B,4SWO2-O1B(0.579) | From Aux Tr 4TR41-Y(0.711),"green (g=509, r=0)",green,509,0,"567,220,1217,720,0.9697","738,617,1040,690,0.9643","662,616,689,637,0.9414",3,37.011,170.999,5.848
106,/home/robot/Workspace/FoundationPose_VCB/yolo/datasets/test_video_random_green.mp4,4SW02-01B,4SWO2-O1B(0.732) | From Aux Tr 4TR41-Y(0.608),"green (g=553, r=0)",green,553,0,"572,222,1225,720,0.9542","743,620,1047,691,0.9602","666,617,695,639,0.9563",3,37.427,176.315,5.672
107,/home/robot/Workspace/FoundationPose_VCB/yolo/datasets/test_video_random_green.mp4,4SW02-01B,4SWO2-O1B(0.551) | From Aux Tr 4TR41-Y(0.585),"green (g=474, r=0)",green,474,0,"572,227,1229,719,0.9576","748,622,1052,693,0.9628","671,618,698,639,0.9835",3,38.133,192.317,5.200
108,/home/robot/Workspace/FoundationPose_VCB/yolo/datasets/test_video_random_green.mp4,4SW02-01B,4SWO2-O1B(0.540) | From Aux Tr 4TRA1-Y(0.493),"green (g=431, r=0)",green,431,0,"574,229,1232,718,0.9610","750,623,1054,693,0.9627","673,619,700,641,0.9166",3,37.441,176.913,5.652
109,/home/robot/Workspace/FoundationPose_VCB/yolo/datasets/test_video_random_green.mp4,4SW02-01B,4SWO2-O1B(0.514) | From Aux Tr 4TR4-Y(0.571),"green (g=478, r=0)",green,478,0,"576,230,1234,718,0.9649","752,623,1056,693,0.9640","675,620,703,641,0.9179",3,37.436,166.196,6.017
110,/home/robot/Workspace/FoundationPose_VCB/yolo/datasets/test_video_random_green.mp4,4SW02-01B,4SWO2-O1B(0.495) | From Aux Tr 4TR4I-Y(0.593),"green (g=455, r=0)",green,455,0,"577,231,1235,717,0.9674","753,624,1057,693,0.9640","677,621,705,642,0.9099",3,37.969,170.294,5.872
111,/home/robot/Workspace/FoundationPose_VCB/yolo/datasets/test_video_random_green.mp4,4SW02-01B,4SWO2-O1B(0.517) | From Aux Tr 4TR41-Y(0.644),"green (g=486, r=0)",green,486,0,"579,231,1236,718,0.9670","754,624,1058,693,0.9687","678,621,707,642,0.9180",3,38.709,175.367,5.702
112,/home/robot/Workspace/FoundationPose_VCB/yolo/datasets/test_video_random_green.mp4,4SW02-01B,4SWO2-O1B(0.598) | From Aux Tr 4TR41-Y(0.574),"green (g=430, r=0)",green,430,0,"579,231,1237,718,0.9663","756,624,1059,693,0.9731","680,621,708,642,0.9060",3,36.795,181.970,5.495
113,/home/robot/Workspace/FoundationPose_VCB/yolo/datasets/test_video_random_green.mp4,4SW02-01B,4SWO2-O1B(0.480) | From Aux Tr 4TR4I-Y(0.548),"green (g=466, r=0)",green,466,0,"580,230,1236,717,0.9637","757,623,1059,693,0.9766","680,621,708,642,0.9047",3,38.405,178.070,5.616
114,/home/robot/Workspace/FoundationPose_VCB/yolo/datasets/test_video_random_green.mp4,4SW02-01B,4SWO2-O1B(0.805) | From Aux Tr 4TRA1-Y(0.396),"green (g=445, r=0)",green,445,0,"579,231,1233,718,0.9647","756,623,1059,693,0.9752","680,621,708,642,0.9137",3,38.055,186.387,5.365
115,/home/robot/Workspace/FoundationPose_VCB/yolo/datasets/test_video_random_green.mp4,4SW02-01B,4SWO2-O1B(0.503) | From Aux Tr 4TR41-Y(0.605),"green (g=480, r=0)",green,480,0,"578,232,1228,717,0.9637","754,623,1056,693,0.9713","679,621,707,642,0.9083",3,39.217,192.070,5.206
116,/home/robot/Workspace/FoundationPose_VCB/yolo/datasets/test_video_random_green.mp4,4SW02-01B,4SWO2-O1B(0.763) | From Aux Tr 4TRA1-Y(0.562),"green (g=479, r=0)",green,479,0,"576,233,1220,717,0.9658","752,623,1053,693,0.9679","676,622,704,643,0.9074",3,46.946,215.743,4.635
117,/home/robot/Workspace/FoundationPose_VCB/yolo/datasets/test_video_random_green.mp4,4SW02-01B,4SWO2-O1B(0.623) | From Aux Tr 4TRA4I-Y(0.390),"green (g=466, r=0)",green,466,0,"574,234,1213,718,0.9683","750,622,1049,693,0.9649","674,621,701,643,0.8251",3,46.900,234.802,4.259
118,/home/robot/Workspace/FoundationPose_VCB/yolo/datasets/test_video_random_green.mp4,4SW02-01B,4SWO2-O1B(0.733) | From Aux Tr 4TRAI-Y(0.610),"green (g=484, r=0)",green,484,0,"573,235,1206,718,0.9710","747,622,1044,692,0.9628","671,621,698,641,0.9492",3,42.473,223.907,4.466
119,/home/robot/Workspace/FoundationPose_VCB/yolo/datasets/test_video_random_green.mp4,4SW02-01B,4SWO2-O1B(0.848) | From Aux Tr 4TRAI-Y(0.321),"green (g=501, r=0)",green,501,0,"572,235,1199,718,0.9696","745,621,1040,691,0.9655","669,620,696,641,0.9683",3,45.159,212.896,4.697
120,/home/robot/Workspace/FoundationPose_VCB/yolo/datasets/test_video_random_green.mp4,4SW02-01B,4SWO2-O1B(0.816) | From Aux Tr 4TR41-Y(0.602),"green (g=428, r=0)",green,428,0,"576,233,1202,720,0.9670","743,620,1038,690,0.9686","668,619,695,640,0.9729",3,44.551,173.004,5.780
121,/home/robot/Workspace/FoundationPose_VCB/yolo/datasets/test_video_random_green.mp4,4SW02-01B,4SWO2-O1B(0.702) | From Aux Tr 4TR4I-Y(0.631),"green (g=534, r=0)",green,534,0,"576,233,1201,720,0.9671","743,619,1036,689,0.9685","667,619,695,639,0.9806",3,42.378,197.754,5.057
122,/home/robot/Workspace/FoundationPose_VCB/yolo/datasets/test_video_random_green.mp4,4SW02-01B,4SWO2-O1B(0.635) | From Aux Tr 4TRA1-Y(0.598),"green (g=541, r=0)",green,541,0,"577,234,1201,720,0.9679","743,618,1036,688,0.9678","668,618,696,639,0.9763",3,45.199,175.014,5.714
123,/home/robot/Workspace/FoundationPose_VCB/yolo/datasets/test_video_random_green.mp4,4SW02-01B,4SWO2-O1B(0.526) | From Aux Tr 4TR41-Y(0.532),"green (g=490, r=0)",green,490,0,"579,234,1202,720,0.9668","744,617,1037,688,0.9659","670,617,696,638,0.9791",3,44.962,174.600,5.727
124,/home/robot/Workspace/FoundationPose_VCB/yolo/datasets/test_video_random_green.mp4,4SW02-01B,4SWO2-O1B(0.841) | From Aux Tr 4TR41-Y(0.614),"green (g=536, r=0)",green,536,0,"575,236,1200,719,0.9692","746,617,1040,687,0.9651","671,616,699,637,0.9242",3,39.759,197.663,5.059
125,/home/robot/Workspace/FoundationPose_VCB/yolo/datasets/test_video_random_green.mp4,4SW02-01B,4SWO2-O1B(0.432) | From Aux Tr 4TR41-Y(0.557),"green (g=478, r=0)",green,478,0,"578,235,1205,718,0.9643","749,618,1044,687,0.9623","674,616,701,636,0.9044",3,42.794,168.688,5.928
126,/home/robot/Workspace/FoundationPose_VCB/yolo/datasets/test_video_random_green.mp4,4SW02-01B,4SWO2-O1B(0.736) | From Aux Tr 4TR41-Y(0.570),"green (g=459, r=0)",green,459,0,"582,235,1210,718,0.9658","752,617,1047,687,0.9663","676,615,703,635,0.9148",3,42.841,168.750,5.926
127,/home/robot/Workspace/FoundationPose_VCB/yolo/datasets/test_video_random_green.mp4,4SW02-01B,4SWO2-O1B(0.604) | From Aux Tr 4TR41-Y(0.820),"green (g=474, r=0)",green,474,0,"583,235,1214,718,0.9646","753,617,1049,687,0.9672","679,615,706,635,0.9109",3,41.114,173.887,5.751
128,/home/robot/Workspace/FoundationPose_VCB/yolo/datasets/test_video_random_green.mp4,4SW02-01B,4SWO2-O1B(0.472) | From Aux Tr 4TR41-Y(0.611),"green (g=415, r=0)",green,415,0,"584,235,1215,718,0.9676","753,617,1049,687,0.9685","679,615,707,635,0.9027",3,41.566,166.277,6.014
129,/home/robot/Workspace/FoundationPose_VCB/yolo/datasets/test_video_random_green.mp4,4SW02-01B,4SWO2-O1B(0.708) | From Aux Tr 4TR41-Y(0.496),"green (g=459, r=0)",green,459,0,"583,234,1214,718,0.9624","753,617,1049,687,0.9679","679,615,706,635,0.9286",3,43.462,168.534,5.934
130,/home/robot/Workspace/FoundationPose_VCB/yolo/datasets/test_video_random_green.mp4,4SW02-01B,4SWO2-O1B(0.478) | From Aux Tr 4TR41-Y(0.573),"green (g=443, r=0)",green,443,0,"581,234,1210,719,0.9626","752,616,1047,686,0.9652","677,615,704,635,0.9171",3,43.642,175.847,5.687
131,/home/robot/Workspace/FoundationPose_VCB/yolo/datasets/test_video_random_green.mp4,4SW02-01B,4SWO2-O1B(0.569) | From Aux Tr 4TRAI-Y(0.613),"green (g=515, r=0)",green,515,0,"578,233,1204,718,0.9656","750,615,1043,685,0.9604","674,615,701,636,0.8971",3,41.380,165.575,6.040
132,/home/robot/Workspace/FoundationPose_VCB/yolo/datasets/test_video_random_green.mp4,4SW02-01B,4SWO2-O1B(0.827) | From Aux Tr 4TRA1-Y(0.371),"green (g=480, r=0)",green,480,0,"580,231,1203,720,0.9666","746,615,1039,684,0.9681","671,615,699,636,0.8405",3,42.667,170.278,5.873
133,/home/robot/Workspace/FoundationPose_VCB/yolo/datasets/test_video_random_green.mp4,4SW02-01B,4SWO2-O1B(0.722) | From Aux Tr 4TR4I-Y(0.679),"green (g=552, r=0)",green,552,0,"576,231,1198,720,0.9705","743,615,1035,685,0.9715","667,616,695,637,0.9485",3,37.378,169.537,5.898
134,/home/robot/Workspace/FoundationPose_VCB/yolo/datasets/test_video_random_green.mp4,4SW02-01B,4SWO2-O1B(0.642) | From Aux Tr 4TRAT-Y(0.439),"green (g=492, r=0)",green,492,0,"571,232,1192,720,0.9665","739,615,1030,685,0.9737","664,617,691,638,0.9405",3,42.440,168.696,5.928
135,/home/robot/Workspace/FoundationPose_VCB/yolo/datasets/test_video_random_green.mp4,4SW02-01B,4SWO2-O1B(0.568) | From Aux Tr 4TRAI-Y(0.607),"green (g=566, r=0)",green,566,0,"567,232,1187,720,0.9702","734,615,1025,685,0.9704","659,618,687,639,0.9478",3,42.982,169.574,5.897
136,/home/robot/Workspace/FoundationPose_VCB/yolo/datasets/test_video_random_green.mp4,4SW02-01B,4SWO2-O1B(0.702) | From Aux Tr 4TRAT-Y(0.406),"green (g=518, r=0)",green,518,0,"562,232,1183,720,0.9781","730,616,1020,685,0.9670","655,618,682,640,0.9610",3,42.948,174.512,5.730
137,/home/robot/Workspace/FoundationPose_VCB/yolo/datasets/test_video_random_green.mp4,4SW02-01B,4SWO2-O1B(0.478) | From Aux Tr 4TRAI-Y(0.568),"green (g=521, r=0)",green,521,0,"556,243,1182,720,0.9769","725,616,1016,685,0.9686","650,620,677,641,0.9592",3,43.845,169.949,5.884
138,/home/robot/Workspace/FoundationPose_VCB/yolo/datasets/test_video_random_green.mp4,4SW02-01B,4SWO2-O1B(0.889) | From Aux Tr 4TR4T-Y(0.345),"green (g=556, r=0)",green,556,0,"549,242,1176,720,0.9858","720,616,1010,685,0.9648","644,621,672,642,0.9235",3,43.011,169.018,5.917
139,/home/robot/Workspace/FoundationPose_VCB/yolo/datasets/test_video_random_green.mp4,4SW02-01B,4SWO2-O1B(0.688) | From Aux Tr 4TRAT-Y(0.550),"green (g=531, r=0)",green,531,0,"542,241,1170,720,0.9834","714,616,1003,686,0.9677","639,621,666,642,0.9223",3,43.368,174.147,5.742
140,/home/robot/Workspace/FoundationPose_VCB/yolo/datasets/test_video_random_green.mp4,4SW02-01B,4SWO2-O1B(0.718) | From Aux Tr 4TRAT-Y(0.662),"green (g=562, r=0)",green,562,0,"532,237,1155,717,0.9798","709,617,997,687,0.9731","634,622,660,644,0.8471",3,42.894,162.987,6.135
141,/home/robot/Workspace/FoundationPose_VCB/yolo/datasets/test_video_random_green.mp4,4SW02-01B,4SWO2-O1B(0.868) | From Aux Tr 4TR4T-Y(0.519),"green (g=520, r=0)",green,520,0,"526,237,1148,718,0.9814","702,617,991,687,0.9712","627,624,653,644,0.8131",3,44.057,170.861,5.853
142,/home/robot/Workspace/FoundationPose_VCB/yolo/datasets/test_video_random_green.mp4,4SW02-01B,4SWO2-O1B(0.904) | From Aux Tr 4TR4I-Y(0.459),"green (g=453, r=0)",green,453,0,"518,237,1137,718,0.9779","695,618,984,687,0.9695","619,624,647,644,0.9302",3,43.448,170.421,5.868
143,/home/robot/Workspace/FoundationPose_VCB/yolo/datasets/test_video_random_green.mp4,4SW02-01B,4SWO2-O1B(0.631) | From Aux Tr 4TR4I-Y(0.632),"green (g=520, r=0)",green,520,0,"511,238,1128,718,0.9739","688,619,976,688,0.9696","612,626,638,646,0.9488",3,43.178,161.706,6.184
144,/home/robot/Workspace/FoundationPose_VCB/yolo/datasets/test_video_random_green.mp4,4SW02-01B,4SWO2-O1B(0.508) | From Aux Tr 4TR4I-Y(0.629),"green (g=533, r=0)",green,533,0,"510,236,1126,720,0.9795","680,620,967,690,0.9760","604,625,631,646,0.9341",3,40.612,164.047,6.096
145,/home/robot/Workspace/FoundationPose_VCB/yolo/datasets/test_video_random_green.mp4,4SW02-01B,4SWO2-O1B(0.556) | From Aux Tr 4TRAI-Y(0.491),"green (g=477, r=0)",green,477,0,"503,236,1120,720,0.9802","673,621,960,691,0.9779","598,626,624,646,0.9175",3,41.452,170.008,5.882
146,/home/robot/Workspace/FoundationPose_VCB/yolo/datasets/test_video_random_green.mp4,4SW02-01B,4SWO2-O1B(0.753) | From Aux Tr 4TRAI-Y(0.458),"green (g=561, r=0)",green,561,0,"496,248,1118,720,0.9834","667,622,954,692,0.9762","591,626,618,647,0.8992",3,44.651,169.444,5.902
147,/home/robot/Workspace/FoundationPose_VCB/yolo/datasets/test_video_random_green.mp4,4SW02-01B,4SWO2-O1B(0.781) | From Aux Tr 4TRAI-Y(0.650),"green (g=560, r=0)",green,560,0,"493,248,1113,720,0.9854","662,623,950,692,0.9762","586,626,614,647,0.9150",3,44.582,171.559,5.829
148,/home/robot/Workspace/FoundationPose_VCB/yolo/datasets/test_video_random_green.mp4,4SW02-01B,4SWO2-O1B(0.914) | From Aux Tr 4TRAI-Y(0.729),"green (g=471, r=0)",green,471,0,"491,248,1111,720,0.9887","658,623,948,693,0.9775","584,627,611,647,0.9517",3,42.745,176.616,5.662
149,/home/robot/Workspace/FoundationPose_VCB/yolo/datasets/test_video_random_green.mp4,4SW02-01B,4SWO2-O1B(0.622) | From Aux Tr 4TR4I-Y(0.627),"green (g=494, r=0)",green,494,0,"490,247,1110,720,0.9904","657,624,946,693,0.9758","582,626,608,646,0.9656",3,40.594,169.345,5.905
150,/home/robot/Workspace/FoundationPose_VCB/yolo/datasets/test_video_random_green.mp4,4SW02-01B,4SWO2-O1B(0.581) | From Aux Tr 4TRAI-Y(0.572),"green (g=512, r=0)",green,512,0,"489,247,1110,720,0.9900","654,625,944,693,0.9717","579,626,606,646,0.9598",3,41.885,169.636,5.895
151,/home/robot/Workspace/FoundationPose_VCB/yolo/datasets/test_video_random_green.mp4,4SW02-01B,4SWO2-O1B(0.645) | From Aux Tr 4TR4I-Y(0.424),"green (g=550, r=0)",green,550,0,"487,246,1109,720,0.9907","652,625,942,693,0.9723","576,625,604,646,0.9114",3,39.323,166.881,5.992
152,/home/robot/Workspace/FoundationPose_VCB/yolo/datasets/test_video_random_green.mp4,4SW02-01B,4SWO2-O1B(0.642) | From Aux Tr 4TRAI-Y(0.670),"green (g=537, r=0)",green,537,0,"484,245,1108,720,0.9910","650,625,940,693,0.9729","574,624,601,645,0.9405",3,43.806,170.452,5.867
153,/home/robot/Workspace/FoundationPose_VCB/yolo/datasets/test_video_random_green.mp4,4SW02-01B,4SWO2-O1B(0.816) | From Aux Tr 4TRAI-Y(0.597),"green (g=452, r=0)",green,452,0,"480,244,1106,720,0.9912","647,625,937,693,0.9730","571,624,598,644,0.9031",3,44.477,172.287,5.804
154,/home/robot/Workspace/FoundationPose_VCB/yolo/datasets/test_video_random_green.mp4,4SW02-01B,4SWO2-O1B(0.477) | From Aux Tr 4TRAI-Y(0.591),"green (g=405, r=0)",green,405,0,"477,243,1102,720,0.9898","643,625,933,693,0.9797","568,623,595,644,0.9300",3,42.535,168.318,5.941
155,/home/robot/Workspace/FoundationPose_VCB/yolo/datasets/test_video_random_green.mp4,4SW02-01B,4SWO2-O1B(0.659) | From Aux Tr 4TRA1-Y(0.564),"green (g=527, r=0)",green,527,0,"473,242,1099,720,0.9892","639,625,929,693,0.9797","563,622,590,643,0.9140",3,43.139,168.387,5.939
156,/home/robot/Workspace/FoundationPose_VCB/yolo/datasets/test_video_random_green.mp4,4SW02-01B,4SWO2-O1B(0.610) | From Aux Tr 4TR41-Y(0.504),"green (g=531, r=0)",green,531,0,"469,241,1096,720,0.9869","636,624,926,693,0.9777","560,622,587,643,0.8429",3,43.081,169.151,5.912
157,/home/robot/Workspace/FoundationPose_VCB/yolo/datasets/test_video_random_green.mp4,4SW02-01B,4SWO2-O1B(0.871) | From Aux Tr 4TRA1-Y(0.650),"green (g=515, r=0)",green,515,0,"464,238,1089,718,0.9826","631,625,923,693,0.9748","556,622,583,643,0.8289",3,38.186,165.652,6.037
158,/home/robot/Workspace/FoundationPose_VCB/yolo/datasets/test_video_random_green.mp4,4SW02-01B,4SWO2-O1B(0.569) | From Aux Tr 4TRA1-Y(0.601),"green (g=556, r=0)",green,556,0,"460,238,1086,718,0.9794","626,625,919,693,0.9720","552,622,579,644,0.8962",3,42.594,186.125,5.373
159,/home/robot/Workspace/FoundationPose_VCB/yolo/datasets/test_video_random_green.mp4,4SW02-01B,4SWO2-O1B(0.537) | From Aux Tr 4TR41-Y(0.622),"green (g=532, r=0)",green,532,0,"456,237,1082,718,0.9779","623,625,915,693,0.9672","548,623,575,643,0.9301",3,44.501,209.818,4.766
160,/home/robot/Workspace/FoundationPose_VCB/yolo/datasets/test_video_random_green.mp4,4SW02-01B,4SWO2-O1B(0.597) | From Aux Tr 4TRA1-Y(0.705),"green (g=462, r=0)",green,462,0,"451,236,1075,718,0.9765","620,624,912,693,0.9608","546,623,572,643,0.8368",3,44.671,194.008,5.154
161,/home/robot/Workspace/FoundationPose_VCB/yolo/datasets/test_video_random_green.mp4,4SW02-01B,4SWO2-O1B(0.642) | From Aux Tr 4TR4I-Y(0.456),"green (g=434, r=0)",green,434,0,"448,235,1071,718,0.9718","617,624,909,693,0.9698","542,623,569,643,0.8749",3,42.790,169.210,5.910
162,/home/robot/Workspace/FoundationPose_VCB/yolo/datasets/test_video_random_green.mp4,4SW02-01B,4SWO2-O1B(0.661) | From Aux Tr 4TR41-Y(0.486),"green (g=463, r=0)",green,463,0,"449,232,1071,720,0.9735","613,624,905,693,0.9744","538,623,565,644,0.8624",3,43.037,170.921,5.851
163,/home/robot/Workspace/FoundationPose_VCB/yolo/datasets/test_video_random_green.mp4,4SW02-01B,4SWO2-O1B(0.777) | From Aux Tr 4TRAI-Y(0.533),"green (g=435, r=0)",green,435,0,"443,232,1066,720,0.9769","609,624,899,693,0.9792","534,623,560,644,0.9323",3,43.346,171.269,5.839
164,/home/robot/Workspace/FoundationPose_VCB/yolo/datasets/test_video_random_green.mp4,4SW02-01B,4SWO2-O1B(0.574) | From Aux Tr 4TRAI-Y(0.421),"green (g=458, r=0)",green,458,0,"438,231,1060,720,0.9812","604,623,894,693,0.9795","528,623,555,644,0.8554",3,43.808,171.959,5.815
165,/home/robot/Workspace/FoundationPose_VCB/yolo/datasets/test_video_random_green.mp4,4SW02-01B,4SWO2-O1B(0.632) | From Aux Tr 4TRAI-Y(0.578),"green (g=477, r=0)",green,477,0,"430,240,1056,720,0.9836","597,623,889,693,0.9731","522,623,549,644,0.9238",3,42.895,174.333,5.736
166,/home/robot/Workspace/FoundationPose_VCB/yolo/datasets/test_video_random_green.mp4,4SW02-01B,4SWO2-O1B(0.462) | From Aux Tr 4TRAI-Y(0.564),"green (g=392, r=0)",green,392,0,"425,240,1053,720,0.9889","591,623,883,693,0.9693","517,624,543,644,0.9604",3,43.803,172.597,5.794
167,/home/robot/Workspace/FoundationPose_VCB/yolo/datasets/test_video_random_green.mp4,4SW02-01B,4SWO2-O1B(0.652) | From Aux Tr 4TRAI-Y(0.529),"green (g=491, r=0)",green,491,0,"418,238,1046,720,0.9890","586,622,877,693,0.9728","511,623,538,644,0.9338",3,43.951,171.321,5.837
168,/home/robot/Workspace/FoundationPose_VCB/yolo/datasets/test_video_random_green.mp4,4SW02-01B,4SWO2-O1B(0.705) | From Aux Tr 4TR4I-Y(0.566),"green (g=436, r=0)",green,436,0,"412,237,1039,720,0.9878","582,622,872,693,0.9772","506,624,533,644,0.8943",3,43.833,175.235,5.707
169,/home/robot/Workspace/FoundationPose_VCB/yolo/datasets/test_video_random_green.mp4,4SW02-01B,4SWO2-O1B(0.806) | From Aux Tr 4TRAI-Y(0.497),"green (g=423, r=0)",green,423,0,"407,236,1034,720,0.9820","577,621,867,692,0.9786","503,624,529,644,0.9219",3,38.616,170.998,5.848
170,/home/robot/Workspace/FoundationPose_VCB/yolo/datasets/test_video_random_green.mp4,4SW02-01B,4SWO2-O1B(0.864) | From Aux Tr 4TR4I-Y(0.457),"green (g=470, r=0)",green,470,0,"402,234,1028,720,0.9821","573,620,863,691,0.9754","498,623,524,644,0.8254",3,43.378,172.821,5.786
171,/home/robot/Workspace/FoundationPose_VCB/yolo/datasets/test_video_random_green.mp4,4SW02-01B,4SWO2-O1B(0.853) | From Aux Tr 4TR4I-Y(0.612),"green (g=508, r=0)",green,508,0,"398,233,1023,720,0.9759","569,620,860,691,0.9727","494,622,521,643,0.8067",3,44.572,178.041,5.617
172,/home/robot/Workspace/FoundationPose_VCB/yolo/datasets/test_video_random_green.mp4,4SW02-01B,4SWO2-O1B(0.672) | From Aux Tr 4TR41-Y(0.512),"green (g=454, r=0)",green,454,0,"391,226,1014,719,0.9689","562,619,855,690,0.9696","489,621,516,642,0.8810",3,40.765,173.055,5.779
173,/home/robot/Workspace/FoundationPose_VCB/yolo/datasets/test_video_random_green.mp4,4SW02-01B,4SWO2-O1B(0.794) | From Aux Tr 4TR4I-Y(0.633),"green (g=499, r=0)",green,499,0,"390,222,1012,720,0.9690","557,619,849,689,0.9639","482,621,509,643,0.8546",3,44.169,169.424,5.902
174,/home/robot/Workspace/FoundationPose_VCB/yolo/datasets/test_video_random_green.mp4,4SW02-01B,4SWO2-O1B(0.632) | From Aux Tr 4TR4I-Y(0.544),"green (g=446, r=0)",green,446,0,"384,222,1004,720,0.9748","550,619,841,690,0.9701","476,621,503,642,0.9309",3,44.838,174.224,5.740
175,/home/robot/Workspace/FoundationPose_VCB/yolo/datasets/test_video_random_green.mp4,4SW02-01B,4SWO2-O1B(0.889) | From Aux Tr 4TR4I-Y(0.623),"green (g=447, r=0)",green,447,0,"377,224,997,720,0.9708","543,620,834,691,0.9749","469,622,496,643,0.8856",3,40.167,167.304,5.977
176,/home/robot/Workspace/FoundationPose_VCB/yolo/datasets/test_video_random_green.mp4,4SW02-01B,4SWO2-O1B(0.753) | From Aux Tr 4TR4I-Y(0.629),"green (g=490, r=0)",green,490,0,"370,225,991,720,0.9789","537,621,827,691,0.9717","462,622,488,644,0.9234",3,42.435,169.588,5.897
177,/home/robot/Workspace/FoundationPose_VCB/yolo/datasets/test_video_random_green.mp4,4SW02-01B,4SWO2-O1B(0.776) | From Aux Tr 4TRAI-Y(0.493),"green (g=489, r=0)",green,489,0,"363,236,988,720,0.9789","529,622,820,692,0.9695","455,623,482,644,0.9577",3,42.539,170.204,5.875
178,/home/robot/Workspace/FoundationPose_VCB/yolo/datasets/test_video_random_green.mp4,4SW02-01B,4SWO2-O1B(0.730) | From Aux Tr 4TRAT-Y(0.603),"green (g=510, r=0)",green,510,0,"358,236,979,720,0.9861","522,623,812,693,0.9713","447,624,475,644,0.8930",3,40.772,168.438,5.937
179,/home/robot/Workspace/FoundationPose_VCB/yolo/datasets/test_video_random_green.mp4,4SW02-01B,4SWO2-O1B(0.563) | From Aux Tr 4TR4T-Y(0.352),"green (g=494, r=0)",green,494,0,"351,237,971,720,0.9858","516,624,804,693,0.9772","441,624,468,644,0.8734",3,43.176,168.943,5.919
180,/home/robot/Workspace/FoundationPose_VCB/yolo/datasets/test_video_random_green.mp4,4SW02-01B,4SWO2-O1B(0.878) | From Aux Tr 4TR4-Y(0.765),"green (g=474, r=0)",green,474,0,"344,238,962,720,0.9855","510,624,797,693,0.9763","434,624,461,644,0.8944",3,42.991,169.186,5.911
181,/home/robot/Workspace/FoundationPose_VCB/yolo/datasets/test_video_random_green.mp4,4SW02-01B,4SWO2-O1B(0.749) | From Aux Tr 4TRA1-Y(0.406),"green (g=470, r=0)",green,470,0,"338,235,953,718,0.9817","503,625,792,693,0.9716","427,623,455,644,0.9046",3,44.481,171.357,5.836
182,/home/robot/Workspace/FoundationPose_VCB/yolo/datasets/test_video_random_green.mp4,4SW02-01B,4SWO2-O1B(0.824) | From Aux Tr 4TR41-Y(0.491),"green (g=546, r=0)",green,546,0,"332,236,945,718,0.9766","495,626,784,693,0.9631","421,623,447,644,0.9189",3,41.523,168.553,5.933
183,/home/robot/Workspace/FoundationPose_VCB/yolo/datasets/test_video_random_green.mp4,4SW02-01B,4SWO2-O1B(0.494) | From Aux Tr 4TR4I-Y(0.713),"green (g=536, r=0)",green,536,0,"326,237,938,718,0.9734","489,626,776,694,0.9671","414,623,441,644,0.9137",3,40.599,165.625,6.038
184,/home/robot/Workspace/FoundationPose_VCB/yolo/datasets/test_video_random_green.mp4,4SW02-01B,4SWO2-O1B(0.524) | From Aux Tr 4TRA1-Y(0.508),"green (g=496, r=0)",green,496,0,"322,236,934,720,0.9763","482,627,768,694,0.9717","407,624,434,644,0.9270",3,42.945,166.537,6.005
185,/home/robot/Workspace/FoundationPose_VCB/yolo/datasets/test_video_random_green.mp4,4SW02-01B,4SWO2-O1B(0.520) | From Aux Tr 4TRA1-Y(0.647),"green (g=453, r=0)",green,453,0,"314,236,927,720,0.9813","475,627,762,695,0.9685","399,624,426,644,0.8923",3,42.786,166.065,6.022
186,/home/robot/Workspace/FoundationPose_VCB/yolo/datasets/test_video_random_green.mp4,4SW02-01B,4SWO2-O1B(0.569) | From Aux Tr 4TR4I-Y(0.552),"green (g=456, r=0)",green,456,0,"304,242,922,719,0.9846","465,627,754,695,0.9514","392,624,419,644,0.9571",3,41.806,168.633,5.930
187,/home/robot/Workspace/FoundationPose_VCB/yolo/datasets/test_video_random_green.mp4,4SW02-01B,4SWO2-O1B(0.602) | From Aux Tr 4TRA1-Y(0.599),"green (g=439, r=0)",green,439,0,"299,241,915,719,0.9896","460,628,747,695,0.9619","385,624,411,644,0.8890",3,42.603,166.349,6.011
188,/home/robot/Workspace/FoundationPose_VCB/yolo/datasets/test_video_random_green.mp4,4SW02-01B,4SWO2-O1B(0.834) | From Aux Tr 4TR4I-Y(0.626),"green (g=413, r=0)",green,413,0,"291,241,906,720,0.9904","453,628,740,695,0.9480","378,624,404,645,0.8988",3,43.970,164.886,6.065
189,/home/robot/Workspace/FoundationPose_VCB/yolo/datasets/test_video_random_green.mp4,4SW02-01B,4SWO2-O1B(0.551) | From Aux Tr 4TRA1-Y(0.543),"green (g=501, r=0)",green,501,0,"284,241,898,720,0.9882","447,628,733,696,0.9462","371,624,397,645,0.9457",3,40.305,166.473,6.007
190,/home/robot/Workspace/FoundationPose_VCB/yolo/datasets/test_video_random_green.mp4,4SW02-01B,4SWO2-O1B(0.618) | From Aux Tr 4TRA1-Y(0.681),"green (g=529, r=0)",green,529,0,"276,241,890,720,0.9845","438,629,726,696,0.9454","363,625,391,646,0.9477",3,42.980,166.574,6.003
191,/home/robot/Workspace/FoundationPose_VCB/yolo/datasets/test_video_random_green.mp4,4SW02-01B,4SWO2-O1B(0.543) | From Aux Tr 4TRA1-Y(0.587),"green (g=383, r=0)",green,383,0,"269,239,880,718,0.9800","431,628,719,696,0.9563","357,625,383,646,0.9491",3,43.759,167.748,5.961
192,/home/robot/Workspace/FoundationPose_VCB/yolo/datasets/test_video_random_green.mp4,4SW02-01B,4SWO2-O1B(0.638) | From Aux Tr 4TR41-Y(0.748),"green (g=525, r=0)",green,525,0,"260,238,873,718,0.9767","425,629,711,696,0.9581","349,625,376,646,0.9638",3,43.793,171.077,5.845
193,/home/robot/Workspace/FoundationPose_VCB/yolo/datasets/test_video_random_green.mp4,4SW02-01B,4SWO2-O1B(0.553) | From Aux Tr 4TR41-Y(0.800),"green (g=474, r=0)",green,474,0,"257,237,869,720,0.9758","418,628,703,695,0.9544","343,625,369,646,0.9520",3,37.840,165.091,6.057
194,/home/robot/Workspace/FoundationPose_VCB/yolo/datasets/test_video_random_green.mp4,4SW02-01B,4SWO2-O1B(0.908) | From Aux Tr 4TR41-Y(0.681),"green (g=544, r=0)",green,544,0,"248,236,863,720,0.9784","410,628,698,695,0.9604","335,624,362,646,0.9410",3,41.796,165.896,6.028
195,/home/robot/Workspace/FoundationPose_VCB/yolo/datasets/test_video_random_green.mp4,4SW02-01B,4SWO2-O1B(0.867) | From Aux Tr 4TRA1-Y(0.624),"green (g=417, r=0)",green,417,0,"236,239,859,719,0.9771","401,627,690,694,0.9556","328,624,355,645,0.9552",3,40.576,166.959,5.990
196,/home/robot/Workspace/FoundationPose_VCB/yolo/datasets/test_video_random_green.mp4,4SW02-01B,4SWO2-O1B(0.671) | From Aux Tr 4TR41-Y(0.690),"green (g=488, r=0)",green,488,0,"225,237,851,719,0.9682","394,626,682,693,0.9611","319,624,346,644,0.8875",3,42.120,166.722,5.998
197,/home/robot/Workspace/FoundationPose_VCB/yolo/datasets/test_video_random_green.mp4,4SW02-01B,4SWO2-O1B(0.781) | From Aux Tr 4TRAI-Y(0.672),"green (g=548, r=0)",green,548,0,"212,235,841,720,0.9695","386,626,673,693,0.9738","311,622,338,644,0.9212",3,41.201,165.857,6.029
198,/home/robot/Workspace/FoundationPose_VCB/yolo/datasets/test_video_random_green.mp4,4SW02-01B,4SWO2-O1B(0.728) | From Aux Tr 4TR41-Y(0.713),"green (g=554, r=0)",green,554,0,"203,234,833,720,0.9671","378,626,667,693,0.9759","302,621,330,642,0.8471",3,44.528,172.360,5.802
199,/home/robot/Workspace/FoundationPose_VCB/yolo/datasets/test_video_random_green.mp4,4SW02-01B,4SWO2-O1B(0.692) | From Aux Tr 4TR41-Y(0.609),"green (g=511, r=0)",green,511,0,"198,233,827,718,0.9573","369,625,659,693,0.9682","295,620,323,642,0.9323",3,41.370,165.838,6.030
200,/home/robot/Workspace/FoundationPose_VCB/yolo/datasets/test_video_random_green.mp4,4SW02-01B,4SWO2-O1B(0.675) | From Aux Tr 4TR41-Y(0.608),"green (g=488, r=0)",green,488,0,"182,233,820,718,0.9682","363,625,652,693,0.9620","287,619,315,641,0.9444",3,42.266,166.868,5.993
201,/home/robot/Workspace/FoundationPose_VCB/yolo/datasets/test_video_random_green.mp4,4SW02-01B,4SWO2-O1B(0.589) | From Aux Tr 4TR41-Y(0.935),"green (g=482, r=0)",green,482,0,"183,234,813,717,0.9606","357,625,644,693,0.9700","282,619,309,641,0.9322",3,39.023,161.228,6.202
202,/home/robot/Workspace/FoundationPose_VCB/yolo/datasets/test_video_random_green.mp4,4SW02-01B,4SWO2-O1B(0.712) | From Aux Tr 4TRA1-Y(0.632),"green (g=471, r=0)",green,471,0,"186,237,809,719,0.9697","352,626,638,693,0.9662","276,619,304,641,0.9311",3,44.305,165.332,6.048
203,/home/robot/Workspace/FoundationPose_VCB/yolo/datasets/test_video_random_green.mp4,4SW02-01B,4SWO2-O1B(0.538) | From Aux Tr 4TR41-Y(0.890),"green (g=479, r=0)",green,479,0,"183,239,804,719,0.9754","348,627,635,694,0.9553","272,619,299,641,0.9199",3,41.351,162.503,6.154
204,/home/robot/Workspace/FoundationPose_VCB/yolo/datasets/test_video_random_green.mp4,4SW02-01B,4SWO2-O1B(0.456) | From Aux Tr 4TRA1-Y(0.610),"green (g=519, r=0)",green,519,0,"183,242,799,719,0.9741","343,627,628,694,0.9461","269,620,296,641,0.9668",3,43.165,164.862,6.066
205,/home/robot/Workspace/FoundationPose_VCB/yolo/datasets/test_video_random_green.mp4,4SW02-01B,4SWO2-O1B(0.650) | From Aux Tr 4TRA1-Y(0.693),"green (g=442, r=0)",green,442,0,"179,246,795,719,0.9786","338,629,625,696,0.9524","266,620,292,642,0.8924",3,37.935,161.656,6.186
206,/home/robot/Workspace/FoundationPose_VCB/yolo/datasets/test_video_random_green.mp4,4SW02-01B,4SWO2-O1B(0.548) | From Aux Tr 4TR41-Y(0.626),"green (g=476, r=0)",green,476,0,"180,245,792,719,0.9845","336,629,619,697,0.9622","262,620,290,642,0.9307",3,42.494,160.870,6.216
207,/home/robot/Workspace/FoundationPose_VCB/yolo/datasets/test_video_random_green.mp4,4SW02-01B,4SWO2-O1B(0.521) | From Aux Tr 4TR41-Y(0.689),"green (g=623, r=0)",green,623,0,"172,249,788,717,0.9884","333,630,614,698,0.9627","258,619,286,642,0.9001",3,40.067,160.338,6.237
208,/home/robot/Workspace/FoundationPose_VCB/yolo/datasets/test_video_random_green.mp4,4SW02-01B,4SWO2-O1B(0.788) | From Aux Tr 4TR41-Y(0.561),"green (g=526, r=0)",green,526,0,"170,250,781,717,0.9903","330,630,609,697,0.9460","255,619,282,641,0.9695",3,43.075,168.281,5.942
209,/home/robot/Workspace/FoundationPose_VCB/yolo/datasets/test_video_random_green.mp4,4SW02-01B,4SWO2-O1B(0.657) | From Aux Tr 4TR41-Y(0.785),"green (g=476, r=0)",green,476,0,"174,252,775,717,0.9916","327,630,606,696,0.9448","253,619,280,640,0.9801",3,43.979,163.098,6.131
210,/home/robot/Workspace/FoundationPose_VCB/yolo/datasets/test_video_random_green.mp4,4SW02-01B,4SW02-O1B(0.481) | From Aux Tr 4TR41-Y(0.736),"green (g=496, r=0)",green,496,0,"173,253,771,718,0.9913","326,629,602,695,0.9328","251,618,279,639,0.9683",3,40.957,160.586,6.227
211,/home/robot/Workspace/FoundationPose_VCB/yolo/datasets/test_video_random_green.mp4,4SW02-01B,4SWO2-O1B(0.720) | From Aux Tr 4TR41-Y(0.691),"green (g=498, r=0)",green,498,0,"176,254,767,718,0.9914","325,627,602,693,0.9476","251,616,279,638,0.9476",3,42.739,167.181,5.982
212,/home/robot/Workspace/FoundationPose_VCB/yolo/datasets/test_video_random_green.mp4,4SW02-01B,4SWO2-O1B(0.463) | From Aux Tr 4TR41-Y(0.700),"green (g=460, r=0)",green,460,0,"170,255,765,718,0.9911","324,626,599,692,0.9587","252,615,279,636,0.9332",3,44.319,163.099,6.131
213,/home/robot/Workspace/FoundationPose_VCB/yolo/datasets/test_video_random_green.mp4,4SW02-01B,4SWO2-O1B(0.451) | From Aux Tr 4TR41-Y(0.779),"green (g=502, r=0)",green,502,0,"173,257,761,718,0.9908","324,625,597,691,0.9671","252,615,279,635,0.9155",3,40.353,160.880,6.216
214,/home/robot/Workspace/FoundationPose_VCB/yolo/datasets/test_video_random_green.mp4,4SW02-01B,4SWO2-O1B(0.493) | From Aux Tr 4TR41-Y(0.852),"green (g=507, r=0)",green,507,0,"179,259,757,719,0.9908","323,624,594,690,0.9725","252,614,279,635,0.8939",3,42.114,155.188,6.444
215,/home/robot/Workspace/FoundationPose_VCB/yolo/datasets/test_video_random_green.mp4,4SW02-01B,4SWO2-01B(0.590) | From Aux Tr 4TR41-Y(0.683),"green (g=522, r=0)",green,522,0,"176,261,753,718,0.9902","323,623,592,689,0.9757","252,613,279,634,0.8935",3,43.264,155.730,6.421
216,/home/robot/Workspace/FoundationPose_VCB/yolo/datasets/test_video_random_green.mp4,4SW02-01B,4SWO2-O1B(0.621) | From Aux Tr 4TR41-Y(0.594),"green (g=433, r=0)",green,433,0,"162,263,750,718,0.9887","323,623,591,688,0.9792","253,614,280,634,0.9033",3,42.107,157.517,6.349
217,/home/robot/Workspace/FoundationPose_VCB/yolo/datasets/test_video_random_green.mp4,4SW02-01B,4SWO2-O1B(0.563) | From Aux Tr 4TR41-Y(0.967),"green (g=402, r=0)",green,402,0,"173,267,746,719,0.9884","325,623,590,687,0.9815","256,614,282,634,0.8725",3,37.755,141.603,7.062
218,/home/robot/Workspace/FoundationPose_VCB/yolo/datasets/test_video_random_green.mp4,4SW02-01B,4SW02-O1B(0.579) | From Aux Tr 4TR41-Y(0.659),"green (g=390, r=0)",green,390,0,"174,270,743,719,0.9846","328,623,588,686,0.9823","259,615,284,634,0.8867",3,37.617,144.082,6.940
219,/home/robot/Workspace/FoundationPose_VCB/yolo/datasets/test_video_random_green.mp4,4SW02-01B,4SWO2-O1B(0.849) | From Aux Tr 4TR41-Y(0.613),"green (g=392, r=0)",green,392,0,"179,275,739,719,0.9791","329,623,587,685,0.9819","260,615,286,634,0.9179",3,42.418,147.566,6.777
220,/home/robot/Workspace/FoundationPose_VCB/yolo/datasets/test_video_random_green.mp4,4SW02-01B,4SWO2-O1B(0.872) | From Aux Tr 4TR41-Y(0.816),"green (g=403, r=0)",green,403,0,"185,281,736,719,0.9741","329,624,585,685,0.9798","261,616,286,635,0.9446",3,42.845,147.620,6.774
221,/home/robot/Workspace/FoundationPose_VCB/yolo/datasets/test_video_random_green.mp4,4SW02-01B,4SWO2-O1B(0.741) | From Aux Tr 4TR41-Y(0.437),"green (g=421, r=0)",green,421,0,"192,286,732,719,0.9771","328,625,581,686,0.9710","260,618,285,638,0.9503",3,40.382,149.241,6.701
222,/home/robot/Workspace/FoundationPose_VCB/yolo/datasets/test_video_random_green.mp4,4SW02-01B,4SWO2-O1B(0.606) | From Aux Tr 4TR41-Y(0.799),"green (g=402, r=0)",green,402,0,"192,291,727,719,0.9796","326,626,575,686,0.9588","258,620,283,639,0.9626",3,42.838,145.071,6.893
223,/home/robot/Workspace/FoundationPose_VCB/yolo/datasets/test_video_random_green.mp4,4SW02-01B,4SWO2-O1B(0.834) | From Aux Tr 4TRA1-Y(0.501),"green (g=383, r=0)",green,383,0,"184,298,715,720,0.9740","323,626,571,686,0.9564","256,621,281,640,0.9676",3,40.257,148.807,6.720
224,/home/robot/Workspace/FoundationPose_VCB/yolo/datasets/test_video_random_green.mp4,4SW02-01B,4SWO2-O1B(0.628) | From Aux Tr 4TRA1-Y(0.615),"green (g=459, r=0)",green,459,0,"187,302,711,720,0.9818","322,625,567,684,0.9621","255,620,280,639,0.9737",3,42.695,151.054,6.620
225,/home/robot/Workspace/FoundationPose_VCB/yolo/datasets/test_video_random_green.mp4,4SW02-01B,4SWO2-O1B(0.723) | From Aux Tr 4TR41-Y(0.695),"green (g=415, r=0)",green,415,0,"188,305,707,720,0.9868","323,623,565,680,0.9623","257,618,282,637,0.9660",3,40.039,146.418,6.830
226,/home/robot/Workspace/FoundationPose_VCB/yolo/datasets/test_video_random_green.mp4,4SW02-01B,4SWO2-O1B(0.543) | From Aux Tr 4TRA1-Y(0.725),"green (g=418, r=0)",green,418,0,"193,306,705,720,0.9883","326,620,564,676,0.9660","261,615,285,634,0.8951",3,42.049,142.438,7.021
227,/home/robot/Workspace/FoundationPose_VCB/yolo/datasets/test_video_random_green.mp4,4SW02-01B,4SWO2-01B(0.605) | From Aux Tr 4TR41-Y(0.590),"green (g=396, r=0)",green,396,0,"200,306,705,720,0.9887","330,615,566,671,0.9713","267,611,292,629,0.7783",3,40.918,140.814,7.102
228,/home/robot/Workspace/FoundationPose_VCB/yolo/datasets/test_video_random_green.mp4,4SW02-01B,4SWO2-01B(0.570) | From Aux Tr 4TRA1-Y(0.633),"green (g=294, r=0)",green,294,0,"207,304,705,720,0.9884","337,611,569,666,0.9525","275,606,298,623,0.8754",3,41.098,140.448,7.120
229,/home/robot/Workspace/FoundationPose_VCB/yolo/datasets/test_video_random_green.mp4,4SW02-01B,4SWO2-O1B(0.532) | From Aux Tr 4TRA1-Y(0.873),"green (g=372, r=0)",green,372,0,"217,302,708,718,0.9855","345,604,573,659,0.9744","283,599,307,617,0.8596",3,38.320,139.158,7.186
230,/home/robot/Workspace/FoundationPose_VCB/yolo/datasets/test_video_random_green.mp4,4SW02-01B,4SWO2-O1B(0.697) | From Aux Tr 4TR41-Y(0.626),"green (g=324, r=0)",green,324,0,"225,300,711,716,0.9841","352,599,579,655,0.9530","293,593,315,610,0.9065",3,43.316,143.950,6.947
231,/home/robot/Workspace/FoundationPose_VCB/yolo/datasets/test_video_random_green.mp4,4SW02-01B,4SWO2-O1B(0.533) | From Aux Tr 4TRA1-Y(0.702),"green (g=363, r=0)",green,363,0,"236,298,713,720,0.9805","360,595,584,647,0.9611","301,587,324,604,0.8343",3,40.039,142.990,6.993
232,/home/robot/Workspace/FoundationPose_VCB/yolo/datasets/test_video_random_green.mp4,4SW02-01B,4SWO2-O1B(0.777) | From Aux Tr 4TR41-Y(0.790),"green (g=284, r=0)",green,284,0,"245,295,715,720,0.9812","366,588,586,640,0.9744","308,582,329,598,0.8671",3,42.565,137.111,7.293
233,/home/robot/Workspace/FoundationPose_VCB/yolo/datasets/test_video_random_green.mp4,4SW02-01B,4SWO2-O1B(0.710) | From Aux Tr 4TR41-Y(0.723),"green (g=287, r=0)",green,287,0,"252,290,719,719,0.9833","369,583,587,635,0.9415","312,576,333,593,0.8706",3,41.067,136.083,7.348
234,/home/robot/Workspace/FoundationPose_VCB/yolo/datasets/test_video_random_green.mp4,4SW02-01B,4SWO2-O1B(0.627) | From Aux Tr 4TR41-Y(0.680),"green (g=332, r=0)",green,332,0,"253,288,715,718,0.9833","370,578,585,628,0.9920","313,571,335,587,0.9284",3,42.707,139.996,7.143
235,/home/robot/Workspace/FoundationPose_VCB/yolo/datasets/test_video_random_green.mp4,4SW02-01B,4SWO2-O1B(0.814) | From Aux Tr 4TR4I-Y(0.431),"green (g=314, r=0)",green,314,0,"253,286,711,719,0.9835","369,572,583,623,0.9892","313,567,335,583,0.8678",3,39.750,144.202,6.935
236,/home/robot/Workspace/FoundationPose_VCB/yolo/datasets/test_video_random_green.mp4,4SW02-01B,4SWO2-O1B(0.851) | From Aux Tr 4TR41-Y(0.745),"green (g=297, r=0)",green,297,0,"252,283,706,718,0.9824","369,567,580,616,0.9821","312,562,333,578,0.8570",3,43.140,141.428,7.071
237,/home/robot/Workspace/FoundationPose_VCB/yolo/datasets/test_video_random_green.mp4,4SW02-01B,4SWO2-O1B(0.827) | From Aux Tr 4TRA1-Y(0.597),"green (g=292, r=0)",green,292,0,"247,281,702,720,0.9881","368,563,578,612,0.9477","311,556,332,572,0.9381",3,42.432,139.130,7.188
238,/home/robot/Workspace/FoundationPose_VCB/yolo/datasets/test_video_random_green.mp4,4SW02-01B,4SWO2-O1B(0.635) | From Aux Tr 4TRA1-Y(0.538),"green (g=254, r=0)",green,254,0,"248,277,699,720,0.9880","368,556,576,605,0.9633","312,552,333,567,0.8577",3,39.594,142.586,7.013
239,/home/robot/Workspace/FoundationPose_VCB/yolo/datasets/test_video_random_green.mp4,4SW02-01B,4SWO2-O1B(0.905) | From Aux Tr 4TR41-Y(0.747),"green (g=293, r=0)",green,293,0,"252,275,699,720,0.9857","371,551,577,598,0.9691","315,546,336,561,0.8382",3,42.559,134.833,7.417
240,/home/robot/Workspace/FoundationPose_VCB/yolo/datasets/test_video_random_green.mp4,4SW02-01B,4SWO2-O1B(0.532) | From Aux Tr 4TR41-Y(0.683),"green (g=290, r=0)",green,290,0,"258,270,702,719,0.9842","376,545,581,593,0.9924","322,541,342,556,0.9408",3,42.754,134.658,7.426
241,/home/robot/Workspace/FoundationPose_VCB/yolo/datasets/test_video_random_green.mp4,4SW02-01B,4SWO2-01B(0.537) | From Aux Tr 4TRAI-Y(0.538),"green (g=303, r=0)",green,303,0,"266,270,707,719,0.9828","385,540,585,588,0.9789","330,536,350,552,0.8128",3,39.798,132.376,7.554
242,/home/robot/Workspace/FoundationPose_VCB/yolo/datasets/test_video_random_green.mp4,4SW02-01B,4SWO2-O1B(0.740) | From Aux Tr 4TR41-Y(0.577),"green (g=292, r=0)",green,292,0,"275,264,711,719,0.9901","392,536,592,583,0.9823","339,532,359,547,0.9003",3,40.977,139.579,7.164
243,/home/robot/Workspace/FoundationPose_VCB/yolo/datasets/test_video_random_green.mp4,4SW02-01B,4SWO2-O1B(0.858) | From Aux Tr 4TR4T-Y(0.555),"green (g=336, r=0)",green,336,0,"285,263,718,719,0.9904","400,532,598,579,0.9735","347,528,368,544,0.6859",3,42.386,136.069,7.349
244,/home/robot/Workspace/FoundationPose_VCB/yolo/datasets/test_video_random_green.mp4,4SW02-01B,4SWO2-O1B(0.556) | From Aux Tr 4TRAI-Y(0.627),"green (g=275, r=0)",green,275,0,"295,263,724,719,0.9865","410,529,604,575,0.9506","357,525,376,540,0.9316",3,43.028,135.878,7.360
245,/home/robot/Workspace/FoundationPose_VCB/yolo/datasets/test_video_random_green.mp4,4SW02-01B,4SWO2-O1B(0.523) | From Aux Tr 4TR41-Y(0.445),"green (g=285, r=0)",green,285,0,"306,266,725,719,0.9882","415,527,609,573,0.9552","365,523,384,538,0.7454",3,42.505,133.413,7.496
246,/home/robot/Workspace/FoundationPose_VCB/yolo/datasets/test_video_random_green.mp4,4SW02-01B,4SWO2-O1B(0.489) | From Aux Tr 4TRAT-Y(0.538),"green (g=275, r=0)",green,275,0,"314,266,727,719,0.9873","424,525,615,570,0.9356","372,521,391,536,0.9307",3,42.624,134.595,7.430
247,/home/robot/Workspace/FoundationPose_VCB/yolo/datasets/test_video_random_green.mp4,4SW02-01B,4SWO2-O1B(0.844) | From Aux Tr 4TRAT-Y(0.577),"green (g=267, r=0)",green,267,0,"319,266,731,719,0.9854","430,523,619,568,0.9373","379,520,398,535,0.8604",3,43.759,135.250,7.394
248,/home/robot/Workspace/FoundationPose_VCB/yolo/datasets/test_video_random_green.mp4,4SW02-01B,4SWO2-O1B(0.808) | From Aux Tr 4TR41-Y(0.693),"green (g=288, r=0)",green,288,0,"323,266,733,719,0.9830","433,522,622,568,0.9286","383,519,403,534,0.8707",3,44.188,133.617,7.484
249,/home/robot/Workspace/FoundationPose_VCB/yolo/datasets/test_video_random_green.mp4,4SW02-01B,4SWO2-01B(0.684) | From Aux Tr 4TRA1-Y(0.692),"green (g=263, r=0)",green,263,0,"328,266,735,720,0.9775","436,521,625,567,0.9253","387,519,407,533,0.9300",3,44.185,135.627,7.373
250,/home/robot/Workspace/FoundationPose_VCB/yolo/datasets/test_video_random_green.mp4,4SW02-01B,4SWO2-O1B(0.597) | From Aux Tr 4TR41-Y(0.669),"green (g=255, r=0)",green,255,0,"333,265,736,720,0.9766","440,520,627,564,0.9655","391,517,410,532,0.7033",3,45.119,137.763,7.259
251,/home/robot/Workspace/FoundationPose_VCB/yolo/datasets/test_video_random_green.mp4,4SW02-01B,4SWO2-O1B(0.683) | From Aux Tr 4TRA1-Y(0.709),"green (g=252, r=0)",green,252,0,"335,266,736,719,0.9812","444,519,629,563,0.9738","394,517,412,531,0.7004",3,39.149,131.268,7.618
252,/home/robot/Workspace/FoundationPose_VCB/yolo/datasets/test_video_random_green.mp4,4SW02-01B,4SWO2-O1B(0.882) | From Aux Tr 4TR41-Y(0.648),"green (g=247, r=0)",green,247,0,"337,267,739,720,0.9848","446,519,632,562,0.9818","397,517,416,530,0.8310",3,44.561,136.940,7.302
253,/home/robot/Workspace/FoundationPose_VCB/yolo/datasets/test_video_random_green.mp4,4SW02-01B,4SWO2-O1B(0.883) | From Aux Tr 4TR41-Y(0.838),"green (g=285, r=0)",green,285,0,"340,269,740,720,0.9883","451,519,634,563,0.9836","401,517,420,532,0.8201",3,41.800,133.026,7.517
254,/home/robot/Workspace/FoundationPose_VCB/yolo/datasets/test_video_random_green.mp4,4SW02-01B,4SWO2-O1B(0.695) | From Aux Tr 4TRAT-Y(0.496),"green (g=240, r=0)",green,240,0,"345,270,743,719,0.9897","455,520,638,564,0.9745","405,519,423,533,0.9331",3,40.322,133.306,7.502
255,/home/robot/Workspace/FoundationPose_VCB/yolo/datasets/test_video_random_green.mp4,4SW02-01B,4SWO2-O1B(0.556) | From Aux Tr 4TRAT-Y(0.706),"green (g=252, r=0)",green,252,0,"350,274,745,719,0.9909","457,522,641,565,0.9372","409,521,427,535,0.8855",3,43.377,135.280,7.392
256,/home/robot/Workspace/FoundationPose_VCB/yolo/datasets/test_video_random_green.mp4,4SW02-01B,4SWO2-O1B(0.865) | From Aux Tr 4TR41-Y(0.499),"green (g=238, r=0)",green,238,0,"353,277,748,719,0.9902","460,524,643,567,0.9252","412,523,430,537,0.8948",3,42.859,138.773,7.206
257,/home/robot/Workspace/FoundationPose_VCB/yolo/datasets/test_video_random_green.mp4,4SW02-01B,4SWO2-O1B(0.457) | From Aux Tr 4TR41-Y(0.705),"green (g=266, r=0)",green,266,0,"355,281,752,719,0.9888","465,527,647,570,0.9494","415,525,434,539,0.9382",3,40.134,136.281,7.338
258,/home/robot/Workspace/FoundationPose_VCB/yolo/datasets/test_video_random_green.mp4,4SW02-01B,4SWO2-01B(0.418) | From Aux Tr 4TRA1-Y(0.714),"green (g=229, r=0)",green,229,0,"362,284,758,719,0.9865","470,530,651,574,0.9728","421,527,438,542,0.8407",3,40.957,137.562,7.269
259,/home/robot/Workspace/FoundationPose_VCB/yolo/datasets/test_video_random_green.mp4,4SW02-01B,4SWO2-O1B(0.590) | From Aux Tr 4TRA1-Y(0.628),"green (g=228, r=0)",green,228,0,"371,287,765,719,0.9849","476,533,656,576,0.9684","427,531,445,545,0.8087",3,42.920,136.223,7.341
260,/home/robot/Workspace/FoundationPose_VCB/yolo/datasets/test_video_random_green.mp4,4SW02-01B,4SWO2-O1B(0.778) | From Aux Tr 4TR41-Y(0.775),"green (g=240, r=0)",green,240,0,"379,290,771,719,0.9850","485,536,665,579,0.9802","436,533,454,547,0.9571",3,42.427,138.839,7.203
261,/home/robot/Workspace/FoundationPose_VCB/yolo/datasets/test_video_random_green.mp4,4SW02-01B,4SWO2-O1B(0.820) | From Aux Tr 4TR41-Y(0.332),"green (g=227, r=0)",green,227,0,"389,293,779,718,0.9857","493,538,673,581,0.9767","445,535,464,548,0.8253",3,42.444,134.036,7.461
262,/home/robot/Workspace/FoundationPose_VCB/yolo/datasets/test_video_random_green.mp4,4SW02-01B,4SWO2-O1B(0.372) | Aux Tr 4TR41-Y(0.482) | From(0.998),"green (g=232, r=0)",green,232,0,"401,296,790,719,0.9900","504,539,682,583,0.9719","456,535,474,549,0.7837",3,43.538,152.462,6.559
263,/home/robot/Workspace/FoundationPose_VCB/yolo/datasets/test_video_random_green.mp4,4SW02-01B,4SWO2-O1B(0.812) | From Aux Tr 4TR4T-Y(0.668),"green (g=252, r=0)",green,252,0,"410,298,798,719,0.9763","513,541,692,583,0.9583","465,536,483,550,0.8525",3,43.774,132.197,7.564
264,/home/robot/Workspace/FoundationPose_VCB/yolo/datasets/test_video_random_green.mp4,4SW02-01B,4SWO2-O1B(0.720) | From Aux Tr 4TRAI-Y(0.558),"green (g=238, r=0)",green,238,0,"418,298,803,718,0.9824","520,542,698,584,0.9853","474,537,491,551,0.8804",3,39.676,128.651,7.773
265,/home/robot/Workspace/FoundationPose_VCB/yolo/datasets/test_video_random_green.mp4,4SW02-01B,4SWO2-O1B(0.683) | From Aux Tr 4TRA1-Y(0.722),"green (g=252, r=0)",green,252,0,"426,299,810,718,0.9729","526,542,705,585,0.9780","479,537,497,551,0.8287",3,39.447,127.995,7.813
266,/home/robot/Workspace/FoundationPose_VCB/yolo/datasets/test_video_random_green.mp4,4SW02-01B,4SWO2-O1B(0.844) | From Aux Tr 4TRA1-Y(0.459),"green (g=238, r=0)",green,238,0,"432,300,817,718,0.9747","533,543,709,586,0.9854","485,537,502,551,0.8874",3,42.584,129.956,7.695
267,/home/robot/Workspace/FoundationPose_VCB/yolo/datasets/test_video_random_green.mp4,4SW02-01B,4SWO2-O1B(0.675) | From Aux Tr 4TRAI-Y(0.551),"green (g=252, r=0)",green,252,0,"437,303,821,719,0.9780","535,544,712,587,0.9873","488,538,506,552,0.8742",3,42.830,134.601,7.429
268,/home/robot/Workspace/FoundationPose_VCB/yolo/datasets/test_video_random_green.mp4,4SW02-01B,4SWO2-O1B(0.590) | From Aux Tr 4TR41-Y(0.933),"green (g=252, r=0)",green,252,0,"438,303,822,720,0.9798","537,543,713,586,0.9839","490,537,508,551,0.8660",3,44.042,129.280,7.735
269,/home/robot/Workspace/FoundationPose_VCB/yolo/datasets/test_video_random_green.mp4,4SW02-01B,4SWO2-O1B(0.477) | From Aux Tr 4TR41-Y(0.875),"green (g=210, r=0)",green,210,0,"437,302,822,720,0.9807","537,542,713,585,0.9789","490,537,507,551,0.8857",3,45.056,130.545,7.660
270,/home/robot/Workspace/FoundationPose_VCB/yolo/datasets/test_video_random_green.mp4,4SW02-01B,4SWO2-O1B(0.671) | From Aux Tr 4TR41-Y(0.699),"green (g=238, r=0)",green,238,0,"435,301,820,720,0.9797","535,540,712,583,0.9652","489,536,506,550,0.8343",3,41.287,130.279,7.676
271,/home/robot/Workspace/FoundationPose_VCB/yolo/datasets/test_video_random_green.mp4,4SW02-01B,4SWO2-01B(0.564) | From Aux Tr 4TR41-Y(0.613),"green (g=221, r=0)",green,221,0,"428,297,815,718,0.9807","534,538,710,581,0.9766","486,535,503,548,0.7905",3,42.751,136.307,7.336
272,/home/robot/Workspace/FoundationPose_VCB/yolo/datasets/test_video_random_green.mp4,4SW02-01B,4SWO2-01B(0.509) | From Aux Tr 4TRA1-Y(0.583),"green (g=216, r=0)",green,216,0,"424,294,810,718,0.9828","529,535,706,578,0.9691","482,533,500,546,0.8977",3,43.578,133.928,7.467
273,/home/robot/Workspace/FoundationPose_VCB/yolo/datasets/test_video_random_green.mp4,4SW02-01B,4SWO2-01B(0.583) | From Aux Tr 4TR41-Y(0.685),"green (g=189, r=0)",green,189,0,"421,292,805,718,0.9844","527,532,703,575,0.9776","479,531,497,544,0.8571",3,43.881,136.764,7.312
274,/home/robot/Workspace/FoundationPose_VCB/yolo/datasets/test_video_random_green.mp4,4SW02-01B,4SW02-O1B(0.455) | From Aux Tr 4TR4T-Y(0.651),"green (g=222, r=0)",green,222,0,"418,289,804,718,0.9857","525,530,703,573,0.9790","477,529,495,544,0.7215",3,43.182,137.486,7.273
275,/home/robot/Workspace/FoundationPose_VCB/yolo/datasets/test_video_random_green.mp4,4SW02-01B,4SWO2-O1B(0.538) | From Aux Tr 4TR4T-Y(0.632),"green (g=238, r=0)",green,238,0,"416,287,803,719,0.9863","525,527,703,569,0.9502","478,527,495,541,0.9331",3,43.291,136.719,7.314
276,/home/robot/Workspace/FoundationPose_VCB/yolo/datasets/test_video_random_green.mp4,4SW02-01B,4SW02-O1B(0.651) | From Aux Tr 4TR41-Y(0.394),"green (g=252, r=0)",green,252,0,"420,285,805,720,0.9877","526,524,705,566,0.9237","479,525,497,539,0.8806",3,43.258,137.652,7.265
277,/home/robot/Workspace/FoundationPose_VCB/yolo/datasets/test_video_random_green.mp4,4SW02-01B,4SW02-O1B(0.574) | From Aux Tr 4TR4T-Y(0.509),"green (g=221, r=0)",green,221,0,"424,282,809,720,0.9896","532,522,708,564,0.9265","483,525,500,538,0.9575",3,38.676,133.261,7.504
278,/home/robot/Workspace/FoundationPose_VCB/yolo/datasets/test_video_random_green.mp4,4SW02-01B,4SWO2-O1B(0.813) | From Aux Tr 4TRAT-Y(0.512),"green (g=238, r=0)",green,238,0,"426,283,813,719,0.9897","536,521,712,563,0.9212","487,523,504,537,0.8541",3,41.311,136.343,7.334
279,/home/robot/Workspace/FoundationPose_VCB/yolo/datasets/test_video_random_green.mp4,4SW02-01B,4SWO2-O1B(0.577) | From Aux Tr 4TR4T-Y(0.510),"green (g=260, r=0)",green,260,0,"429,281,819,720,0.9900","539,520,718,562,0.9508","491,522,510,536,0.8454",3,42.410,130.831,7.643
280,/home/robot/Workspace/FoundationPose_VCB/yolo/datasets/test_video_random_green.mp4,4SW02-01B,4SWO2-01B(0.513) | From Aux Tr 4TRAT-Y(0.580),"green (g=246, r=0)",green,246,0,"435,280,824,720,0.9892","543,519,721,561,0.9654","495,521,513,535,0.8261",3,43.794,132.688,7.536
281,/home/robot/Workspace/FoundationPose_VCB/yolo/datasets/test_video_random_green.mp4,4SW02-01B,4SWO2-O1B(0.518) | From Aux Tr 4TR4T-Y(0.651),"green (g=252, r=0)",green,252,0,"437,278,827,720,0.9899","545,517,724,560,0.9710","497,520,515,534,0.8601",3,44.648,133.689,7.480
282,/home/robot/Workspace/FoundationPose_VCB/yolo/datasets/test_video_random_green.mp4,4SW02-01B,4SWO2-O1B(0.661) | From Aux Tr 4TRAI-Y(0.655),"green (g=252, r=0)",green,252,0,"438,277,828,720,0.9895","547,517,724,559,0.9736","498,519,516,533,0.8429",3,43.406,137.204,7.288
283,/home/robot/Workspace/FoundationPose_VCB/yolo/datasets/test_video_random_green.mp4,4SW02-01B,4SWO2-O1B(0.800) | From Aux Tr 4TRAI-Y(0.698),"green (g=225, r=0)",green,225,0,"437,277,828,720,0.9896","546,516,725,559,0.9797","497,519,515,532,0.7743",3,43.946,134.011,7.462
284,/home/robot/Workspace/FoundationPose_VCB/yolo/datasets/test_video_random_green.mp4,4SW02-01B,4SWO2-01B(0.492) | From Aux Tr 4TRAI-Y(0.497),"green (g=234, r=0)",green,234,0,"437,276,828,720,0.9899","545,516,725,559,0.9815","497,519,515,532,0.7820",3,45.654,133.131,7.511
285,/home/robot/Workspace/FoundationPose_VCB/yolo/datasets/test_video_random_green.mp4,4SW02-01B,4SWO2-01B(0.601) | From Aux Tr 4TR4T-Y(0.589),"green (g=247, r=0)",green,247,0,"437,276,828,720,0.9902","545,516,725,559,0.9804","496,519,515,532,0.7743",3,45.460,134.300,7.446
286,/home/robot/Workspace/FoundationPose_VCB/yolo/datasets/test_video_random_green.mp4,4SW02-01B,4SWO2-O1B(0.683) | From Aux Tr 4TR4I-Y(0.557),"green (g=252, r=0)",green,252,0,"437,276,828,720,0.9900","545,516,724,559,0.9791","496,518,514,532,0.8064",3,44.760,135.389,7.386
287,/home/robot/Workspace/FoundationPose_VCB/yolo/datasets/test_video_random_green.mp4,4SW02-01B,4SWO2-O1B(0.717) | From Aux Tr 4TR41-Y(0.802),"green (g=252, r=0)",green,252,0,"436,275,828,720,0.9901","544,517,724,560,0.9747","495,518,513,532,0.8369",3,46.345,137.362,7.280
288,/home/robot/Workspace/FoundationPose_VCB/yolo/datasets/test_video_random_green.mp4,4SW02-01B,4SWO2-O1B(0.704) | From Aux Tr 4TR41-Y(0.437),"green (g=247, r=0)",green,247,0,"433,275,827,720,0.9901","541,517,723,560,0.9721","493,519,512,532,0.8212",3,46.696,140.276,7.129
289,/home/robot/Workspace/FoundationPose_VCB/yolo/datasets/test_video_random_green.mp4,4SW02-01B,4SWO2-O1B(0.837) | From Aux Tr 4TR4T-Y(0.696),"green (g=225, r=0)",green,225,0,"430,275,826,719,0.9905","539,518,720,561,0.9791","491,519,509,532,0.7609",3,38.056,131.011,7.633
290,/home/robot/Workspace/FoundationPose_VCB/yolo/datasets/test_video_random_green.mp4,4SW02-01B,4SWO2-O1B(0.672) | From Aux Tr 4TRA1-Y(0.790),"green (g=238, r=0)",green,238,0,"426,276,822,719,0.9912","536,518,717,561,0.9790","488,519,505,533,0.8182",3,43.628,135.252,7.394
291,/home/robot/Workspace/FoundationPose_VCB/yolo/datasets/test_video_random_green.mp4,4SW02-01B,4SWO2-O1B(0.622) | From Aux Tr 4TR41-Y(0.688),"green (g=252, r=0)",green,252,0,"423,276,816,719,0.9907","533,519,713,562,0.9773","483,520,501,534,0.9452",3,42.658,137.755,7.259
292,/home/robot/Workspace/FoundationPose_VCB/yolo/datasets/test_video_random_green.mp4,4SW02-01B,4SWO2-O1B(0.560) | From Aux Tr 4TR4T-Y(0.731),"green (g=252, r=0)",green,252,0,"416,275,810,719,0.9894","527,519,708,562,0.9766","477,520,495,534,0.8726",3,43.499,138.267,7.232
293,/home/robot/Workspace/FoundationPose_VCB/yolo/datasets/test_video_random_green.mp4,4SW02-01B,4SWO2-O1B(0.598) | From Aux Tr 4TR4T-Y(0.684),"green (g=252, r=0)",green,252,0,"411,272,804,720,0.9898","520,519,704,562,0.9859","471,519,489,533,0.7859",3,43.370,141.106,7.087
294,/home/robot/Workspace/FoundationPose_VCB/yolo/datasets/test_video_random_green.mp4,4SW02-01B,4SWO2-O1B(0.506) | From Aux Tr 4TR41-Y(0.420),"green (g=266, r=0)",green,266,0,"405,272,800,719,0.9842","516,518,697,561,0.9878","465,519,484,533,0.8239",3,41.118,137.840,7.255
295,/home/robot/Workspace/FoundationPose_VCB/yolo/datasets/test_video_random_green.mp4,4SW02-01B,4SWO2-O1B(0.544) | From Aux Tr 4TR41-Y(0.601),"green (g=266, r=0)",green,266,0,"402,270,798,720,0.9798","510,517,694,561,0.9796","460,518,479,532,0.8310",3,41.238,137.676,7.263
296,/home/robot/Workspace/FoundationPose_VCB/yolo/datasets/test_video_random_green.mp4,4SW02-01B,4SWO2-O1B(0.502) | From Aux Tr 4TR4T-Y(0.422),"green (g=205, r=0)",green,205,0,"398,269,796,720,0.9825","506,517,690,560,0.9808","457,517,475,531,0.8476",3,42.158,137.629,7.266
297,/home/robot/Workspace/FoundationPose_VCB/yolo/datasets/test_video_random_green.mp4,4SW02-01B,4SWO2-O1B(0.721) | From Aux Tr 4TRAT-Y(0.731),"green (g=214, r=0)",green,214,0,"394,268,793,720,0.9851","504,515,688,559,0.9868","455,515,472,529,0.7582",3,44.076,141.636,7.060
298,/home/robot/Workspace/FoundationPose_VCB/yolo/datasets/test_video_random_green.mp4,4SW02-01B,4SWO2-O1B(0.695) | From Aux Tr 4TR41-Y(0.624),"green (g=285, r=0)",green,285,0,"394,265,792,720,0.9863","503,513,688,558,0.9900","453,513,472,528,0.8030",3,43.033,137.761,7.259
299,/home/robot/Workspace/FoundationPose_VCB/yolo/datasets/test_video_random_green.mp4,4SW02-01B,4SWO2-O1B(0.888) | From Aux Tr 4TR4I-Y(0.518),"green (g=262, r=0)",green,262,0,"394,262,792,720,0.9853","503,512,687,556,0.9920","452,511,471,525,0.8966",3,43.966,138.370,7.227
